"","Player_Names","Goals","Assists","Non.Penalty.Goals","Penalty.Kicks.Made","Penalty.Kicks.Attempted","Yellow.Cards","Red.Cards","xG","npxG","xA","npxG.xA","Goals.1","Shots.Total","Shots.on.target","Shots.on.target..","Goals.Shot","Goals.Shot.on.target","Average.Shot.Distance","Shots.from.free.kicks","Penalty.Kicks.Made.1","Penalty.Kicks.Attempted.1","xG.1","npxG.1","npxG.Sh","Goals...xG","Non.Penalty.Goals...npxG","Passes.Completed","Passes.Attempted","Pass.Completion..","Total.Passing.Distance","Progressive.Passing.Distance","Passes.Completed..Short.","Passes.Attempted..Short.","Pass.Completion....Short.","Passes.Completed..Medium.","Passes.Attempted..Medium.","Pass.Completion....Medium.","Passes.Completed..Long.","Passes.Attempted..Long.","Pass.Completion....Long.","Assists.1","xA.1","Key.Passes","Passes.into.Final.Third","Passes.into.Penalty.Area","Crosses.into.Penalty.Area","Progressive.Passes","Passes.Attempted.1","Live.ball.passes","Dead.ball.passes","Passes.from.Free.Kicks","Through.Balls","Passes.Under.Pressure","Switches","Crosses","Corner.Kicks","Inswinging.Corner.Kicks","Outswinging.Corner.Kicks","Straight.Corner.Kicks","Ground.passes","Low.Passes","High.Passes","Passes.Attempted..Left.","Passes.Attempted..Right.","Passes.Attempted..Head.","Throw.Ins.taken","Passes.Attempted..Other.","Passes.Completed.1","Passes.Offside","Passes.Out.of.Bounds","Passes.Intercepted","Passes.Blocked","Shot.Creating.Actions","SCA..PassLive.","SCA..PassDead.","SCA..Drib.","SCA..Sh.","SCA..Fld.","SCA..Def.","Goal.Creating.Actions","GCA..PassLive.","GCA..PassDead.","GCA..Drib.","GCA..Sh.","GCA..Fld.","GCA..Def.","Tackles","Tackles.Won","Tackles..Def.3rd.","Tackles..Mid.3rd.","Tackles..Att.3rd.","Dribblers.Tackled","Dribbles.Contested","X..of.dribblers.tackled","Dribbled.Past","Pressures","Successful.Pressures","Successful.Pressure..","Pressures..Def.3rd.","Pressures..Mid.3rd.","Pressures..Att.3rd.","Blocks","Shots.Blocked","Shots.Saved","Passes.Blocked.1","Interceptions","Tkl.Int","Clearances","Errors","Touches","Touches..Def.Pen.","Touches..Def.3rd.","Touches..Mid.3rd.","Touches..Att.3rd.","Touches..Att.Pen.","Touches..Live.Ball.","Dribbles.Completed","Dribbles.Attempted","Successful.Dribble..","Players.Dribbled.Past","Nutmegs","Carries","Total.Carrying.Distance","Progressive.Carrying.Distance","Progressive.Carries","Carries.into.Final.Third","Carries.into.Penalty.Area","Miscontrols","Dispossessed","Pass.Targets","Passes.Received","Passes.Received..","Progressive.Passes.Rec","Yellow.Cards.1","Red.Cards.1","Second.Yellow.Card","Fouls.Committed","Fouls.Drawn","Offsides","Crosses.1","Interceptions.1","Tackles.Won.1","Penalty.Kicks.Won","Penalty.Kicks.Conceded","Own.Goals","Ball.Recoveries","Aerials.won","Aerials.lost","X..of.Aerials.Won","Player_valuation"
"1","Aaron Cresswell","  0.03","  0.21","  0.03","  0.00","  0.00","  0.09","  0.00","  0.03","  0.03","  0.17","  0.20","  0.03","  0.52","  0.06"," 11.80","  0.06","  0.50"," 22.50","  0.28","  0.00","  0.00","  0.03","  0.03","  0.06","  0.00","  0.00"," 52.79"," 66.86"," 79.00","982.06","438.17"," 23.70"," 25.78"," 91.90"," 21.92"," 25.66"," 85.40","  6.56"," 13.33"," 49.20","  0.21","  0.17","  1.84","  4.11","  1.13","  0.40","  5.24"," 66.86"," 53.25"," 13.61","  2.15","  0.00","  6.44","  2.18","  2.42","  2.45","  0.80","  1.47","  0.09"," 38.53"," 12.78"," 15.54"," 51.22","  3.95","  1.56","  9.01","  0.25"," 52.79","  0.34","  1.10","  2.08","  2.05","  2.61","  1.26","  1.26","  0.00","  0.09","  0.00","  0.00","  0.37","  0.12","  0.21","  0.00","  0.03","  0.00","  0.00","  1.01","  0.55","  0.67","  0.28","  0.06","  0.49","  1.07"," 45.70","  0.58","  6.93","  2.36"," 34.10","  3.28","  2.82","  0.83","  1.38","  0.43","  0.00","  0.95","  1.41","  2.42","  2.57","  0.00"," 74.61","  4.05"," 20.97"," 35.07"," 22.62","  1.04"," 61.00","  0.15","  0.58"," 26.30","  0.15","  0.06"," 43.28","189.17"," 95.98","  3.71","  1.59","  0.09","  0.25","  0.31"," 47.57"," 45.46"," 95.60","  1.04","  0.09","  0.00","  0.00","  0.71","  0.46","  0.06","  2.42","  1.41","  0.55","  0.00","  0.03","  0.00","  7.85","  1.23","  0.77"," 61.50",4000000
"2","Aaron Hickey","  0.19","  0.05","  0.19","  0.00","  0.00","  0.24","  0.00","  0.03","  0.03","  0.04","  0.07","  0.19","  0.87","  0.53"," 61.10","  0.22","  0.36"," 22.40","  0.00","  0.00","  0.00","  0.03","  0.03","  0.04","  0.16","  0.16"," 34.53"," 41.67"," 82.90","532.91","146.72"," 19.10"," 20.84"," 91.70"," 12.83"," 15.68"," 81.80","  1.93","  3.52"," 54.80","  0.05","  0.04","  0.68","  0.82","  0.48","  0.19","  1.40"," 41.67"," 33.38","  8.30","  0.82","  0.00","  6.08","  0.39","  1.30","  0.00","  0.00","  0.00","  0.00"," 28.31","  7.81","  5.55"," 20.26"," 12.68","  1.01","  7.48","  0.10"," 34.53","  0.10","  0.29","  1.06","  0.72","  1.40","  1.21","  0.05","  0.05","  0.00","  0.05","  0.05","  0.14","  0.14","  0.00","  0.00","  0.00","  0.00","  0.00","  1.35","  0.63","  0.58","  0.43","  0.34","  0.39","  0.77"," 50.00","  0.39"," 13.02","  3.62"," 27.80","  5.88","  4.53","  2.60","  2.12","  0.48","  0.00","  1.64","  1.21","  2.56","  1.30","  0.00"," 52.43","  2.99"," 16.25"," 23.01"," 16.45","  1.06"," 44.47","  1.16","  1.98"," 58.50","  1.35","  0.05"," 34.15","172.33"," 93.28","  4.10","  1.06","  0.43","  0.92","  0.77"," 36.32"," 31.45"," 86.60","  2.65","  0.24","  0.00","  0.00","  1.40","  2.60","  0.10","  1.30","  1.21","  0.63","  0.00","  0.00","  0.00","  6.08","  0.48","  1.06"," 31.30",13000000
"3","Aaron Lennon","  0.20","  0.00","  0.20","  0.00","  0.00","  0.20","  0.00","  0.07","  0.07","  0.01","  0.08","  0.20","  0.71","  0.20"," 28.60","  0.29","  1.00"," 22.70","  0.00","  0.00","  0.00","  0.07","  0.07","  0.09","  0.13","  0.13"," 13.71"," 19.75"," 69.40","210.24"," 51.20","  8.06","  9.78"," 82.50","  4.33","  5.95"," 72.90","  1.01","  2.72"," 37.00","  0.00","  0.01","  0.30","  0.60","  0.30","  0.10","  1.11"," 19.75"," 19.25","  0.50","  0.00","  0.00","  4.13","  0.50","  1.61","  0.00","  0.00","  0.00","  0.00"," 12.50","  2.92","  4.33","  1.41"," 16.83","  0.60","  0.30","  0.00"," 13.71","  0.30","  0.50","  0.60","  1.11","  1.51","  0.81","  0.00","  0.20","  0.00","  0.50","  0.00","  0.40","  0.10","  0.00","  0.10","  0.00","  0.20","  0.00","  2.42","  1.01","  0.60","  1.11","  0.71","  0.50","  2.42"," 20.80","  1.91"," 23.28","  5.04"," 21.60","  6.65","  9.47","  7.16","  2.22","  0.30","  0.00","  1.91","  0.71","  3.12","  0.71","  0.00"," 31.04","  1.41","  5.34"," 13.40"," 14.21","  2.02"," 30.54","  0.81","  2.22"," 36.40","  1.01","  0.10"," 19.15"," 95.24"," 49.48","  2.42","  0.81","  0.91","  1.21","  1.11"," 26.10"," 18.54"," 71.00","  2.72","  0.20","  0.00","  0.00","  1.71","  1.21","  0.40","  1.61","  0.71","  1.01","  0.00","  0.00","  0.00","  4.64","  0.71","  1.31"," 35.00",1000000
"4","Aarón Martín","  0.03","  0.14","  0.03","  0.00","  0.00","  0.14","  0.00","  0.03","  0.03","  0.14","  0.17","  0.03","  0.68","  0.14"," 20.00","  0.05","  0.25"," 22.60","  0.14","  0.00","  0.00","  0.03","  0.03","  0.04","  0.01","  0.01"," 33.77"," 45.97"," 73.50","620.63","229.21"," 15.64"," 17.58"," 89.00"," 12.95"," 16.32"," 79.30","  4.50"," 10.29"," 43.70","  0.14","  0.14","  1.57","  2.08","  0.92","  0.61","  2.69"," 45.97"," 36.67","  9.30","  1.06","  0.07","  5.35","  1.60","  3.27","  2.28","  1.02","  0.99","  0.03"," 25.93","  8.59"," 11.45"," 36.12","  2.79","  0.78","  5.96","  0.07"," 33.77","  0.17","  0.51","  1.81","  1.60","  2.15","  1.33","  0.68","  0.00","  0.07","  0.03","  0.03","  0.17","  0.14","  0.03","  0.00","  0.00","  0.00","  0.00","  2.28","  1.06","  1.30","  0.78","  0.20","  0.82","  1.84"," 44.40","  1.02"," 13.73","  4.19"," 30.50","  5.45","  6.10","  2.18","  1.40","  0.24","  0.00","  1.16","  1.23","  3.51","  2.32","  0.00"," 55.48","  2.32"," 15.81"," 25.25"," 17.62","  1.09"," 46.18","  0.89","  1.53"," 57.80","  0.99","  0.00"," 32.65","151.44"," 81.48","  3.61","  1.30","  0.10","  0.51","  0.58"," 35.20"," 31.52"," 89.50","  1.70","  0.14","  0.00","  0.00","  1.64","  0.82","  0.10","  3.27","  1.23","  1.06","  0.00","  0.00","  0.00","  6.61","  0.65","  1.30"," 33.30",5000000
"5","Aaron Wan-Bissaka","  0.00","  0.08","  0.00","  0.00","  0.00","  0.13","  0.03","  0.01","  0.01","  0.06","  0.07","  0.00","  0.21","  0.08"," 37.50","  0.00","  0.00"," 15.00","  0.00","  0.00","  0.00","  0.01","  0.01","  0.04"," -0.01"," -0.01"," 52.19"," 60.72"," 86.00","802.89","265.38"," 28.97"," 31.36"," 92.40"," 19.08"," 21.67"," 88.00","  2.78","  4.72"," 58.90","  0.08","  0.06","  0.79","  2.39","  0.89","  0.42","  3.10"," 60.72"," 51.80","  8.92","  0.68","  0.03","  7.06","  0.84","  1.65","  0.00","  0.00","  0.00","  0.00"," 44.08"," 11.20","  5.43","  3.04"," 47.49","  1.34","  8.24","  0.13"," 52.19","  0.05","  0.45","  1.84","  1.60","  1.71","  1.39","  0.05","  0.11","  0.05","  0.03","  0.08","  0.13","  0.11","  0.00","  0.00","  0.03","  0.00","  0.00","  2.28","  1.31","  1.31","  0.55","  0.42","  0.42","  0.87"," 48.50","  0.45"," 11.94","  3.67"," 30.80","  5.27","  4.30","  2.36","  2.68","  0.52","  0.03","  2.15","  2.60","  4.88","  2.83","  0.00"," 73.23","  3.99"," 24.22"," 33.22"," 20.68","  1.10"," 64.47","  1.76","  2.60"," 67.70","  1.78","  0.16"," 46.65","228.57","132.82","  5.09","  1.86","  0.13","  0.60","  1.02"," 47.78"," 44.32"," 92.80","  1.78","  0.13","  0.03","  0.00","  0.84","  0.79","  0.03","  1.65","  2.60","  1.31","  0.00","  0.03","  0.00","  8.29","  0.87","  1.18"," 42.30",38000000
"6","Abdessamad Ezzalzouli","  0.16","  0.00","  0.16","  0.00","  0.00","  0.62","  0.00","  0.20","  0.20","  0.09","  0.29","  0.16","  2.48","  0.47"," 18.80","  0.06","  0.33"," 16.20","  0.00","  0.00","  0.00","  0.20","  0.20","  0.08"," -0.05"," -0.05"," 21.41"," 29.33"," 73.00","276.67"," 43.76"," 16.29"," 18.93"," 86.10","  3.26","  5.28"," 61.80","  1.09","  2.33"," 46.70","  0.00","  0.09","  0.78","  0.31","  0.47","  0.16","  1.40"," 29.33"," 28.55","  0.78","  0.16","  0.00","  5.43","  0.62","  3.26","  0.16","  0.00","  0.00","  0.00"," 21.88","  3.88","  3.57","  4.34"," 23.28","  0.62","  0.47","  0.31"," 21.41","  0.00","  0.00","  1.71","  1.40","  1.71","  0.93","  0.00","  0.31","  0.16","  0.16","  0.16","  0.16","  0.00","  0.00","  0.00","  0.16","  0.00","  0.00","  2.33","  1.55","  1.40","  0.62","  0.31","  0.78","  1.24"," 62.50","  0.47"," 15.67","  5.12"," 32.70","  4.34","  6.05","  5.28","  0.93","  0.00","  0.00","  0.93","  1.71","  4.03","  0.00","  0.00"," 47.48","  0.00","  7.14"," 15.83"," 30.26","  9.31"," 46.71","  4.50","  7.29"," 61.70","  4.66","  0.31"," 42.36","282.26","192.72","  9.16","  2.64","  3.57","  3.72","  3.41"," 46.09"," 35.53"," 77.10","  7.76","  0.62","  0.00","  0.00","  2.64","  2.95","  0.31","  3.26","  1.71","  1.55","  0.00","  0.00","  0.00","  5.74","  0.47","  2.17"," 17.60",8000000
"7","Abdou Diallo","   0.00","   0.06","   0.00","   0.00","   0.00","   0.11","   0.00","   0.01","   0.01","   0.03","   0.04","   0.00","   0.11","   0.06","  50.00","   0.00","   0.00","  12.90","   0.00","   0.00","   0.00","   0.01","   0.01","   0.09","  -0.01","  -0.01","  59.30","  67.18","  88.30","1016.43"," 391.43","  29.70","  31.65","  93.90","  23.43","  25.93","  90.40","   5.44","   8.16","  66.70","   0.06","   0.03","   0.28","   3.50","   0.72","   0.28","   4.66","  67.18","  59.63","   7.55","   1.28","   0.11","   6.55","   1.33","   1.33","   0.00","   0.00","   0.00","   0.00","  51.30","   9.16","   6.72","  52.63","   6.11","   1.39","   6.27","   0.11","  59.30","   0.06","   0.50","   1.72","   0.89","   0.56","   0.50","   0.00","   0.06","   0.00","   0.00","   0.00","   0.11","   0.11","   0.00","   0.00","   0.00","   0.00","   0.00","   2.55","   1.67","   1.39","   0.78","   0.39","   1.00","   1.89","  52.90","   0.89","  12.71","   4.11","  32.30","   5.11","   5.50","   2.11","   1.67","   0.33","   0.00","   1.33","   2.00","   4.55","   2.11","   0.06","  77.67","   5.44","  26.65","  40.53","  15.93","   0.61","  70.18","   1.72","   2.94","  58.50","   1.89","   0.00","  53.97"," 251.18"," 146.52","   5.00","   1.67","   0.17","   1.00","   0.83","  55.24","  53.36","  96.60","   0.94","   0.11","   0.00","   0.00","   1.50","   0.22","   0.06","   1.33","   2.00","   1.67","   0.00","   0.00","   0.00","   7.22","   1.05","   0.50","  67.90",25000000
"8","Abdoulaye Doucouré","  0.10","  0.19","  0.10","  0.00","  0.00","  0.19","  0.00","  0.10","  0.10","  0.06","  0.16","  0.10","  1.29","  0.29"," 22.20","  0.07","  0.33"," 16.40","  0.00","  0.00","  0.00","  0.10","  0.10","  0.08","  0.00","  0.00"," 33.24"," 41.38"," 80.30","587.37","125.35"," 14.75"," 17.53"," 84.20"," 13.99"," 16.33"," 85.60","  3.45","  4.69"," 73.50","  0.19","  0.06","  0.62","  2.83","  0.91","  0.05","  3.64"," 41.38"," 40.67","  0.72","  0.62","  0.10","  8.72","  0.62","  0.24","  0.00","  0.00","  0.00","  0.00"," 30.56","  6.04","  4.79","  4.31"," 33.43","  2.30","  0.05","  0.05"," 33.24","  0.05","  0.62","  1.77","  1.63","  2.16","  1.82","  0.05","  0.05","  0.14","  0.00","  0.10","  0.29","  0.19","  0.00","  0.05","  0.05","  0.00","  0.00","  2.35","  1.53","  1.01","  1.20","  0.14","  1.05","  2.39"," 44.00","  1.34"," 22.61","  6.71"," 29.70","  9.05","  9.53","  4.02","  1.34","  0.14","  0.00","  1.20","  1.72","  4.07","  1.10","  0.00"," 51.59","  2.54"," 13.51"," 28.83"," 12.79","  1.82"," 50.92","  0.91","  1.77"," 51.40","  0.96","  0.00"," 31.80","166.88"," 90.14","  3.16","  1.34","  0.19","  1.01","  0.81"," 35.97"," 30.65"," 85.20","  2.39","  0.19","  0.00","  0.00","  1.58","  0.72","  0.05","  0.24","  1.72","  1.53","  0.00","  0.00","  0.00"," 11.78","  1.48","  1.53"," 49.20",25000000
"9","Abdoulaye Touré","  0.11","  0.11","  0.11","  0.00","  0.00","  0.11","  0.00","  0.14","  0.14","  0.11","  0.25","  0.11","  1.39","  0.32"," 23.10","  0.08","  0.33"," 20.30","  0.00","  0.00","  0.00","  0.14","  0.14","  0.10"," -0.03"," -0.03"," 30.93"," 37.88"," 81.60","514.53","108.41"," 15.95"," 17.55"," 90.90"," 11.56"," 14.88"," 77.70","  2.89","  4.28"," 67.50","  0.11","  0.11","  0.54","  2.78","  0.21","  0.00","  2.68"," 37.88"," 37.56","  0.32","  0.21","  0.21","  6.31","  0.43","  0.43","  0.00","  0.00","  0.00","  0.00"," 27.29","  4.92","  5.67","  8.78"," 25.26","  2.57","  0.11","  0.11"," 30.93","  0.00","  0.96","  1.71","  0.43","  1.61","  1.28","  0.00","  0.21","  0.00","  0.11","  0.00","  0.21","  0.21","  0.00","  0.00","  0.00","  0.00","  0.00","  1.50","  0.86","  0.86","  0.64","  0.00","  0.64","  1.71"," 37.50","  1.07"," 19.16","  4.71"," 24.60","  5.35"," 10.81","  3.00","  2.03","  0.21","  0.00","  1.82","  1.39","  2.89","  1.93","  0.00"," 49.55","  2.03","  9.63"," 30.07"," 12.31","  1.18"," 49.23","  0.96","  1.93"," 50.00","  1.07","  0.11"," 29.43","136.87"," 55.54","  3.10","  1.39","  0.21","  0.54","  0.86"," 35.64"," 30.39"," 85.30","  0.64","  0.11","  0.00","  0.00","  0.86","  1.93","  0.00","  0.43","  1.39","  0.86","  0.00","  0.11","  0.00"," 10.59","  2.03","  1.39"," 59.40",3500000
"10","Aboubacar Ouattara","  0.00","  0.00","  0.00","  0.00","  0.00","  0.38","  0.00","  0.15","  0.15","  0.06","  0.21","  0.00","  2.25","  0.56"," 25.00","  0.00","  0.00"," 18.00","  0.00","  0.00","  0.00","  0.15","  0.15","  0.06"," -0.15"," -0.15"," 20.44"," 33.38"," 61.20","354.38"," 84.75","  9.94"," 15.00"," 66.30","  6.75"," 11.06"," 61.00","  3.00","  5.25"," 57.10","  0.00","  0.06","  0.94","  0.75","  0.94","  0.38","  2.06"," 33.38"," 32.44","  0.94","  0.00","  0.00","  7.50","  0.00","  2.44","  0.00","  0.00","  0.00","  0.00"," 19.88","  7.69","  5.81"," 18.56","  8.63","  3.38","  0.75","  0.19"," 20.44","  0.19","  0.94","  2.25","  2.44","  2.25","  1.69","  0.00","  0.00","  0.00","  0.38","  0.19","  0.00","  0.00","  0.00","  0.00","  0.00","  0.00","  0.00","  3.75","  1.88","  1.13","  2.44","  0.19","  1.50","  2.44"," 61.50","  0.94"," 22.31","  5.63"," 25.20","  6.19","  9.94","  6.19","  1.88","  0.00","  0.00","  1.88","  1.50","  5.25","  1.88","  0.19"," 51.19","  3.56"," 11.44"," 21.56"," 20.81","  4.31"," 50.44","  1.88","  2.81"," 66.70","  1.88","  0.00"," 28.13","167.81"," 83.44","  4.31","  0.56","  0.75","  2.25","  1.31"," 44.06"," 30.56"," 69.40","  6.56","  0.38","  0.00","  0.00","  2.44","  2.06","  0.00","  2.44","  1.50","  1.88","  0.00","  0.00","  0.00","  9.19","  2.25","  2.81"," 44.40",500000
"11","Achraf Hakimi","  0.11","  0.19","  0.11","  0.00","  0.00","  0.14","  0.03","  0.06","  0.06","  0.18","  0.24","  0.11","  0.73","  0.24"," 33.30","  0.15","  0.44"," 17.30","  0.03","  0.00","  0.00","  0.06","  0.06","  0.08","  0.05","  0.05"," 55.16"," 62.31"," 88.50","830.12","252.56"," 31.35"," 33.73"," 92.90"," 19.88"," 22.21"," 89.50","  2.68","  3.77"," 71.20","  0.19","  0.18","  1.14","  2.30","  1.46","  0.49","  3.82"," 62.31"," 54.37","  7.95","  0.65","  0.03","  6.56","  0.62","  2.30","  0.08","  0.03","  0.00","  0.00"," 48.05"," 10.60","  3.66","  6.45"," 47.40","  0.92","  7.21","  0.08"," 55.16","  0.11","  0.41","  1.93","  1.17","  1.95","  1.55","  0.05","  0.16","  0.03","  0.14","  0.03","  0.30","  0.24","  0.00","  0.03","  0.00","  0.03","  0.00","  2.41","  1.27","  1.38","  0.71","  0.33","  1.03","  2.60"," 39.60","  1.57"," 15.94","  4.56"," 28.60","  6.89","  4.91","  4.15","  1.38","  0.14","  0.00","  1.25","  1.27","  3.69","  1.06","  0.00"," 72.08","  2.68"," 20.50"," 28.42"," 27.28","  3.36"," 64.35","  1.14","  2.03"," 56.00","  1.25","  0.08"," 50.68","230.33","140.36","  6.51","  1.65","  0.89","  1.03","  1.19"," 57.05"," 51.98"," 91.10","  4.26","  0.14","  0.03","  0.00","  0.71","  0.95","  0.22","  2.30","  1.27","  1.27","  0.05","  0.00","  0.00","  4.80","  0.41","  0.89"," 31.30",70000000
"12","Adam Armstrong","  0.15","  0.15","  0.15","  0.00","  0.00","  0.08","  0.00","  0.31","  0.31","  0.13","  0.44","  0.15","  3.23","  1.05"," 32.60","  0.05","  0.14"," 17.20","  0.00","  0.00","  0.00","  0.31","  0.31","  0.10"," -0.16"," -0.16"," 13.52"," 19.46"," 69.50","234.47"," 38.09","  6.01","  7.96"," 75.50","  6.09","  8.11"," 75.00","  1.05","  2.03"," 51.90","  0.15","  0.13","  0.90","  0.90","  0.83","  0.00","  1.50"," 19.46"," 17.50","  1.95","  0.00","  0.08","  3.83","  0.53","  1.43","  0.00","  0.00","  0.00","  0.00"," 13.30","  3.31","  2.85","  3.68"," 13.97","  0.90","  0.15","  0.23"," 13.52","  0.08","  0.15","  0.90","  0.83","  1.95","  1.13","  0.00","  0.30","  0.30","  0.23","  0.00","  0.23","  0.15","  0.00","  0.00","  0.00","  0.08","  0.00","  0.68","  0.45","  0.23","  0.23","  0.23","  0.00","  0.30","  0.00","  0.30"," 14.87","  4.06"," 27.30","  1.58","  5.41","  7.89","  0.53","  0.08","  0.00","  0.45","  0.60","  1.28","  0.38","  0.00"," 30.20","  0.45","  2.78"," 12.10"," 17.95","  5.11"," 28.25","  1.05","  2.18"," 48.30","  1.13","  0.08"," 21.11","124.71"," 69.72","  4.21","  1.28","  1.13","  1.88","  1.58"," 40.49"," 21.19"," 52.30","  6.76","  0.08","  0.00","  0.00","  0.90","  0.60","  0.08","  1.43","  0.60","  0.45","  0.08","  0.00","  0.00","  3.76","  0.75","  2.33"," 24.40",18000000
"13","Adam Forshaw","  0.00","  0.08","  0.00","  0.00","  0.00","  0.23","  0.00","  0.02","  0.02","  0.08","  0.11","  0.00","  0.92","  0.31"," 33.30","  0.00","  0.00"," 26.20","  0.08","  0.00","  0.00","  0.02","  0.02","  0.03"," -0.02"," -0.02"," 37.37"," 44.73"," 83.50","687.70","158.13"," 17.57"," 19.41"," 90.50"," 13.20"," 15.58"," 84.70","  5.29","  7.21"," 73.40","  0.08","  0.08","  0.92","  3.22","  0.46","  0.00","  2.76"," 44.73"," 42.81","  1.92","  1.76","  0.08","  7.52","  2.07","  0.23","  0.00","  0.00","  0.00","  0.00"," 32.99","  4.99","  6.75","  6.37"," 36.21","  1.38","  0.08","  0.15"," 37.37","  0.23","  0.38","  1.46","  0.92","  1.76","  1.69","  0.00","  0.00","  0.08","  0.00","  0.00","  0.08","  0.08","  0.00","  0.00","  0.00","  0.00","  0.00","  2.92","  1.46","  1.15","  1.61","  0.15","  1.07","  2.69"," 40.00","  1.61"," 23.40","  6.37"," 27.20","  6.91"," 12.58","  3.91","  1.23","  0.08","  0.00","  1.15","  1.99","  4.91","  1.00","  0.08"," 54.48","  1.30"," 15.81"," 31.61"," 10.74","  0.54"," 52.86","  0.46","  1.00"," 46.20","  0.46","  0.00"," 35.22","171.56"," 75.19","  2.69","  0.92","  0.08","  0.46","  1.23"," 40.36"," 34.91"," 86.50","  1.61","  0.23","  0.00","  0.00","  2.30","  1.30","  0.15","  0.23","  1.99","  1.46","  0.00","  0.00","  0.00"," 10.20","  0.69","  0.92"," 42.90",2000000
"14","Adam Idah","  0.14","  0.14","  0.14","  0.00","  0.00","  0.00","  0.00","  0.29","  0.29","  0.09","  0.37","  0.14","  2.02","  0.58"," 28.60","  0.07","  0.25"," 12.40","  0.00","  0.00","  0.00","  0.29","  0.29","  0.14"," -0.14"," -0.14"," 13.82"," 20.45"," 67.60","237.60"," 46.37","  6.34","  9.50"," 66.70","  5.76","  7.20"," 80.00","  1.15","  1.73"," 66.70","  0.14","  0.09","  0.58","  1.01","  0.58","  0.29","  1.01"," 20.45"," 19.73","  0.72","  0.00","  0.00","  6.34","  0.58","  1.58","  0.00","  0.00","  0.00","  0.00"," 13.39","  3.74","  3.31","  2.88"," 14.40","  1.15","  0.43","  0.29"," 13.82","  0.00","  0.72","  1.01","  1.58","  1.73","  1.15","  0.14","  0.14","  0.00","  0.29","  0.00","  0.14","  0.14","  0.00","  0.00","  0.00","  0.00","  0.00","  1.58","  0.86","  0.58","  0.72","  0.29","  0.29","  0.72"," 40.00","  0.43"," 13.82","  3.60"," 26.00","  2.16","  6.05","  5.62","  0.58","  0.43","  0.00","  0.14","  0.58","  2.16","  1.15","  0.00"," 33.84","  1.87","  3.89"," 13.39"," 18.29","  4.75"," 33.12","  1.73","  2.30"," 75.00","  1.73","  0.00"," 24.48","134.21"," 48.53","  2.74","  0.43","  0.29","  3.74","  2.45"," 52.42"," 23.33"," 44.50","  7.34","  0.00","  0.00","  0.00","  1.44","  1.73","  1.44","  1.58","  0.58","  0.86","  0.00","  0.00","  0.00","  4.90","  2.30","  5.18"," 30.80",3000000
"15","Adam Lallana","  0.04","  0.04","  0.04","  0.00","  0.00","  0.16","  0.00","  0.11","  0.11","  0.04","  0.15","  0.04","  1.32","  0.33"," 25.00","  0.03","  0.13"," 17.80","  0.00","  0.00","  0.00","  0.11","  0.11","  0.08"," -0.07"," -0.07"," 49.78"," 56.77"," 87.70","793.61","182.76"," 26.27"," 28.98"," 90.60"," 18.98"," 20.67"," 91.80","  3.21","  4.65"," 69.00","  0.04","  0.04","  0.54","  3.71","  1.19","  0.00","  4.41"," 56.77"," 55.87","  0.91","  0.78","  0.08","  9.35","  0.49","  0.45","  0.00","  0.00","  0.00","  0.00"," 44.79","  6.92","  5.06"," 15.19"," 38.87","  1.65","  0.08","  0.33"," 49.78","  0.12","  0.82","  1.36","  0.99","  1.73","  1.52","  0.00","  0.04","  0.00","  0.08","  0.08","  0.21","  0.21","  0.00","  0.00","  0.00","  0.00","  0.00","  2.55","  1.69","  1.19","  1.03","  0.33","  0.78","  2.43"," 32.20","  1.65"," 18.98","  6.42"," 33.80","  7.04","  8.48","  3.46","  1.36","  0.33","  0.00","  1.03","  1.40","  3.95","  0.66","  0.00"," 66.66","  2.22"," 16.84"," 37.59"," 16.63","  2.43"," 66.00","  0.82","  1.40"," 58.80","  0.86","  0.00"," 47.80","199.56"," 95.52","  3.83","  1.11","  0.33","  1.19","  1.07"," 52.70"," 48.01"," 91.10","  3.99","  0.16","  0.00","  0.00","  0.99","  1.36","  0.04","  0.45","  1.40","  1.69","  0.00","  0.00","  0.00"," 10.38","  0.70","  0.78"," 47.20",2500000
"16","Adam Marušic","  0.03","  0.00","  0.03","  0.00","  0.00","  0.10","  0.00","  0.01","  0.01","  0.02","  0.03","  0.03","  0.20","  0.05"," 25.00","  0.13","  0.50"," 18.00","  0.00","  0.00","  0.00","  0.01","  0.01","  0.03","  0.02","  0.02"," 53.34"," 60.78"," 87.80","922.55","312.37"," 25.74"," 27.86"," 92.40"," 21.79"," 24.37"," 89.40","  5.08","  7.03"," 72.30","  0.00","  0.02","  0.28","  3.51","  0.43","  0.15","  3.08"," 60.78"," 54.68","  6.09","  1.14","  0.03","  6.37","  0.76","  0.68","  0.00","  0.00","  0.00","  0.00"," 45.46","  7.99","  7.33","  7.36"," 44.72","  2.68","  4.96","  0.25"," 53.34","  0.13","  0.56","  1.14","  0.83","  0.63","  0.61","  0.00","  0.03","  0.00","  0.00","  0.00","  0.10","  0.10","  0.00","  0.00","  0.00","  0.00","  0.00","  1.26","  0.66","  0.71","  0.46","  0.10","  0.56","  1.31"," 42.30","  0.76","  8.62","  2.48"," 28.70","  4.02","  3.24","  1.37","  1.87","  0.35","  0.00","  1.52","  1.87","  3.13","  2.43","  0.03"," 69.17","  4.53"," 26.06"," 37.39"," 10.77","  0.71"," 63.28","  0.58","  1.09"," 53.50","  0.63","  0.03"," 46.16","228.97","115.56","  4.22","  1.49","  0.08","  0.48","  0.68"," 48.31"," 46.01"," 95.20","  1.34","  0.10","  0.00","  0.00","  0.96","  0.51","  0.03","  0.68","  1.87","  0.66","  0.00","  0.03","  0.03","  8.47","  1.57","  0.81"," 66.00",9000000
"17","Adam Ounas","  0.34","  0.27","  0.34","  0.00","  0.00","  0.07","  0.00","  0.18","  0.18","  0.31","  0.50","  0.34","  2.46","  0.82"," 33.30","  0.14","  0.42"," 16.80","  0.00","  0.00","  0.00","  0.18","  0.18","  0.08","  0.16","  0.16"," 32.14"," 40.69"," 79.00","653.87","158.59"," 12.65"," 15.39"," 82.20"," 13.47"," 15.66"," 86.00","  5.68","  8.00"," 70.90","  0.27","  0.31","  2.26","  2.74","  2.26","  0.41","  4.31"," 40.69"," 38.09","  2.60","  0.75","  0.27","  7.73","  2.67","  1.85","  1.44","  0.75","  0.34","  0.07"," 29.82","  5.06","  5.81"," 32.96","  6.57","  0.55","  0.14","  0.07"," 32.14","  0.00","  0.82","  1.03","  1.50","  4.31","  3.01","  0.27","  0.68","  0.07","  0.27","  0.00","  0.62","  0.34","  0.07","  0.14","  0.07","  0.00","  0.00","  1.16","  0.62","  0.27","  0.68","  0.21","  0.34","  0.82"," 41.70","  0.48"," 15.39","  3.08"," 20.00","  3.42","  7.45","  4.51","  1.16","  0.14","  0.00","  1.03","  0.68","  1.85","  0.34","  0.00"," 55.26","  0.68","  7.32"," 29.41"," 25.44","  4.45"," 52.86","  3.90","  5.68"," 68.70","  4.10","  0.21"," 47.53","290.93","183.42","  7.39","  3.08","  1.64","  2.39","  2.80"," 53.21"," 42.26"," 79.40","  5.81","  0.07","  0.00","  0.00","  1.57","  2.80","  0.62","  1.85","  0.68","  0.62","  0.00","  0.00","  0.00","  6.43","  0.55","  1.44"," 27.60",8000000
"18","Ádám Szalai","  0.29","  0.00","  0.29","  0.00","  0.00","  0.29","  0.00","  0.38","  0.38","  0.14","  0.52","  0.29","  2.60","  1.01"," 38.90","  0.11","  0.29"," 13.20","  0.00","  0.00","  0.00","  0.38","  0.38","  0.15"," -0.09"," -0.09"," 15.75"," 24.99"," 63.00","219.44"," 47.67","  8.96"," 12.86"," 69.70","  3.76","  6.79"," 55.30","  0.87","  1.88"," 46.20","  0.00","  0.14","  1.16","  0.72","  0.14","  0.00","  1.59"," 24.99"," 24.27","  0.72","  0.00","  0.14","  8.96","  0.43","  0.58","  0.00","  0.00","  0.00","  0.00"," 11.85","  7.95","  5.20","  3.18"," 15.46","  2.46","  0.29","  1.01"," 15.75","  0.14","  0.58","  1.59","  1.30","  2.17","  1.73","  0.00","  0.00","  0.14","  0.14","  0.14","  0.00","  0.00","  0.00","  0.00","  0.00","  0.00","  0.00","  1.16","  1.01","  0.14","  0.58","  0.43","  0.29","  0.72"," 40.00","  0.43"," 18.06","  6.07"," 33.60","  1.16","  7.80","  9.10","  0.72","  0.00","  0.00","  0.72","  0.29","  1.44","  0.00","  0.00"," 40.74","  0.00","  2.17"," 17.19"," 22.97","  7.22"," 40.02","  1.16","  1.88"," 61.50","  1.30","  0.14"," 26.15"," 74.54"," 30.05","  1.59","  0.43","  0.14","  4.77","  3.47"," 64.43"," 30.91"," 48.00","  9.10","  0.29","  0.00","  0.00","  2.89","  1.59","  1.01","  0.58","  0.29","  1.01","  0.00","  0.00","  0.00","  5.63","  2.74","  5.20"," 34.50",800000
"19","Adam Webster","   0.15","   0.00","   0.15","   0.00","   0.00","   0.25","   0.00","   0.06","   0.06","   0.01","   0.07","   0.15","   0.55","   0.15","  27.30","   0.27","   1.00","   9.60","   0.00","   0.00","   0.00","   0.06","   0.06","   0.13","   0.09","   0.09","  61.00","  72.02","  84.70","1322.60"," 464.87","  16.73","  18.68","  89.50","  33.61","  36.51","  92.00","  10.12","  15.48","  65.40","   0.00","   0.01","   0.05","   5.51","   0.10","   0.00","   4.11","  72.02","  70.37","   1.65","   0.90","   0.00","   8.71","   2.10","   0.20","   0.00","   0.00","   0.00","   0.00","  55.44","   5.06","  11.52","  15.68","  50.13","   3.46","   0.75","   0.25","  61.00","   0.05","   1.20","   1.60","   0.90","   0.55","   0.50","   0.00","   0.00","   0.00","   0.05","   0.00","   0.05","   0.05","   0.00","   0.00","   0.00","   0.00","   0.00","   1.30","   0.80","   0.85","   0.35","   0.10","   0.55","   1.35","  40.70","   0.80","   8.01","   3.11","  38.80","   4.56","   2.90","   0.55","   2.35","   1.00","   0.00","   1.35","   1.95","   3.26","   4.86","   0.10","  83.39","   8.81","  44.22","  40.77","   6.41","   0.85","  81.79","   0.35","   0.45","  77.80","   0.35","   0.05","  55.74"," 343.12"," 219.22","   5.01","   1.60","   0.10","   0.35","   0.30","  60.15","  59.30","  98.60","   0.10","   0.25","   0.00","   0.00","   1.10","   0.30","   0.00","   0.20","   1.95","   0.80","   0.00","   0.00","   0.00","  10.77","   3.06","   1.20","  71.80",18000000
"20","Adama Soumaoro","  0.03","  0.00","  0.03","  0.00","  0.00","  0.31","  0.03","  0.07","  0.07","  0.00","  0.07","  0.03","  0.44","  0.10"," 23.10","  0.08","  0.33","  7.70","  0.00","  0.00","  0.00","  0.07","  0.07","  0.15"," -0.03"," -0.03"," 43.03"," 46.86"," 91.80","817.86","241.19"," 15.31"," 16.65"," 92.00"," 21.98"," 23.07"," 95.30","  5.09","  6.12"," 83.20","  0.00","  0.00","  0.03","  1.81","  0.03","  0.00","  2.19"," 46.86"," 43.72","  3.14","  2.73","  0.00","  4.96","  0.58","  0.07","  0.00","  0.00","  0.00","  0.00"," 38.42","  4.07","  4.38","  3.52"," 38.56","  2.60","  0.41","  0.31"," 43.03","  0.07","  0.41","  0.44","  0.34","  0.51","  0.44","  0.00","  0.00","  0.03","  0.00","  0.03","  0.03","  0.03","  0.00","  0.00","  0.00","  0.00","  0.00","  1.06","  0.68","  0.75","  0.24","  0.07","  0.24","  0.55"," 43.80","  0.31","  8.51","  3.14"," 36.90","  4.89","  3.18","  0.44","  1.50","  0.85","  0.00","  0.65","  1.50","  2.56","  4.14","  0.00"," 55.96","  6.70"," 26.22"," 29.70","  2.97","  0.75"," 53.02","  0.17","  0.24"," 71.40","  0.17","  0.00"," 32.47","158.12"," 78.89","  2.09","  0.41","  0.03","  0.31","  0.14"," 35.38"," 34.32"," 97.00","  0.17","  0.31","  0.03","  0.00","  1.37","  0.72","  0.03","  0.07","  1.50","  0.68","  0.00","  0.10","  0.03","  8.85","  3.14","  0.79"," 80.00",4000000
"21","Adama Traoré","  0.11","  0.22","  0.11","  0.00","  0.00","  0.04","  0.00","  0.15","  0.15","  0.16","  0.31","  0.11","  1.95","  0.60"," 30.80","  0.06","  0.19"," 18.00","  0.00","  0.00","  0.00","  0.15","  0.15","  0.08"," -0.04"," -0.04"," 21.69"," 29.86"," 72.60","359.93"," 72.39"," 11.24"," 13.86"," 81.10","  7.83"," 10.68"," 73.30","  2.06","  3.48"," 59.10","  0.22","  0.16","  1.57","  1.42","  1.12","  0.56","  2.17"," 29.86"," 29.64","  0.22","  0.00","  0.00","  7.57","  0.82","  3.78","  0.00","  0.00","  0.00","  0.00"," 19.75","  4.27","  5.85","  3.63"," 23.79","  0.45","  0.19","  0.26"," 21.69","  0.11","  0.82","  1.16","  1.69","  3.63","  2.44","  0.00","  0.67","  0.00","  0.37","  0.15","  0.37","  0.30","  0.00","  0.04","  0.00","  0.04","  0.00","  0.97","  0.71","  0.45","  0.26","  0.26","  0.22","  0.79"," 28.60","  0.56"," 12.06","  3.67"," 30.40","  2.44","  6.00","  3.63","  0.90","  0.11","  0.00","  0.79","  0.41","  1.39","  0.34","  0.04"," 44.78","  0.52","  4.23"," 20.16"," 25.67","  5.21"," 44.55","  4.50","  6.44"," 69.80","  4.83","  0.11"," 40.88","294.24","189.59","  9.59","  2.51","  2.81","  3.11","  2.62"," 51.41"," 35.37"," 68.80","  6.63","  0.04","  0.00","  0.00","  1.54","  3.22","  0.49","  3.78","  0.41","  0.71","  0.00","  0.00","  0.00","  5.51","  1.76","  2.55"," 40.90",28000000
"22","Adama Traoré1","  0.37","  0.12","  0.37","  0.00","  0.00","  0.12","  0.00","  0.13","  0.13","  0.05","  0.18","  0.37","  1.58","  0.73"," 46.20","  0.23","  0.50"," 18.10","  0.00","  0.00","  0.00","  0.13","  0.13","  0.08","  0.23","  0.23"," 13.88"," 19.49"," 71.30","210.57"," 33.25","  9.50"," 11.45"," 83.00","  2.92","  5.48"," 53.30","  1.22","  1.95"," 62.50","  0.12","  0.05","  0.37","  0.37","  0.37","  0.00","  0.85"," 19.49"," 18.27","  1.22","  0.12","  0.00","  4.63","  0.85","  0.49","  0.00","  0.00","  0.00","  0.00"," 12.42","  3.41","  3.65"," 13.64","  2.92","  0.97","  0.12","  0.37"," 13.88","  0.12","  0.97","  0.73","  0.73","  0.97","  0.73","  0.00","  0.00","  0.00","  0.24","  0.00","  0.24","  0.12","  0.00","  0.00","  0.00","  0.12","  0.00","  1.22","  0.85","  0.24","  0.85","  0.12","  0.61","  1.46"," 41.70","  0.85"," 18.02","  4.14"," 23.00","  3.29","  9.13","  5.60","  1.34","  0.37","  0.00","  0.97","  0.49","  1.71","  1.10","  0.00"," 35.20","  1.71","  7.19"," 16.93"," 14.61","  3.04"," 34.10","  1.71","  3.78"," 45.20","  1.83","  0.12"," 22.77","130.80"," 71.24","  3.53","  1.71","  0.61","  4.51","  2.07"," 41.29"," 24.72"," 59.90","  4.14","  0.12","  0.00","  0.00","  1.34","  1.46","  0.12","  0.49","  0.49","  0.85","  0.00","  0.00","  0.00","  4.26","  2.44","  4.14"," 37.00",3000000
"23","Ademola Lookman","  0.17","  0.09","  0.17","  0.00","  0.00","  0.17","  0.00","  0.22","  0.22","  0.16","  0.38","  0.17","  1.60","  0.47"," 29.70","  0.11","  0.36"," 14.40","  0.00","  0.00","  0.00","  0.22","  0.22","  0.14"," -0.04"," -0.04"," 26.98"," 35.96"," 75.00","401.35","110.98"," 15.76"," 18.39"," 85.70","  8.85"," 11.01"," 80.40","  1.64","  4.19"," 39.20","  0.09","  0.16","  1.68","  1.25","  1.38","  0.13","  3.19"," 35.96"," 32.50","  3.45","  0.95","  0.09","  6.00","  0.82","  1.77","  1.64","  0.78","  0.60","  0.13"," 28.58","  3.06","  4.32","  6.91"," 27.93","  0.52","  0.43","  0.04"," 26.98","  0.13","  0.52","  1.51","  1.68","  2.76","  1.86","  0.35","  0.26","  0.13","  0.13","  0.04","  0.17","  0.09","  0.04","  0.00","  0.00","  0.04","  0.00","  1.81","  1.08","  0.56","  0.82","  0.43","  0.47","  1.47"," 32.40","  0.99"," 20.07","  5.44"," 27.10","  5.09","  9.02","  5.96","  1.38","  0.09","  0.00","  1.30","  1.21","  3.02","  0.35","  0.00"," 49.94","  0.60","  5.96"," 22.06"," 25.51","  5.65"," 46.58","  2.37","  3.88"," 61.10","  2.46","  0.22"," 39.19","191.57","109.30","  6.22","  1.55","  1.38","  2.33","  2.68"," 46.23"," 33.93"," 73.40","  6.99","  0.17","  0.00","  0.00","  2.07","  2.42","  0.60","  1.77","  1.21","  1.08","  0.04","  0.00","  0.00","  6.82","  0.30","  1.12"," 21.20",9000000
"24","Adil Aouchiche","  0.00","  0.43","  0.00","  0.00","  0.00","  0.21","  0.00","  0.09","  0.09","  0.17","  0.26","  0.00","  1.64","  0.64"," 39.10","  0.00","  0.00"," 22.90","  0.07","  0.00","  0.00","  0.09","  0.09","  0.06"," -0.09"," -0.09"," 38.52"," 50.34"," 76.50","712.74","186.41"," 19.15"," 22.14"," 86.50"," 11.61"," 13.88"," 83.60","  6.12"," 10.89"," 56.20","  0.43","  0.17","  2.28","  2.92","  1.14","  0.43","  3.35"," 50.34"," 43.93","  6.41","  1.85","  0.21","  8.33","  3.92","  1.85","  3.70","  1.28","  1.64","  0.07"," 35.39","  4.34"," 10.61","  7.33"," 39.80","  1.42","  0.36","  0.57"," 38.52","  0.07","  1.28","  2.21","  1.35","  4.20","  1.92","  1.21","  0.14","  0.14","  0.64","  0.14","  0.57","  0.28","  0.21","  0.00","  0.00","  0.07","  0.00","  1.92","  1.28","  0.50","  0.57","  0.85","  0.64","  2.28"," 28.10","  1.64"," 26.99","  7.48"," 27.70","  4.49"," 14.45","  8.05","  1.00","  0.00","  0.00","  1.00","  1.50","  3.42","  0.78","  0.00"," 64.22","  0.71"," 10.25"," 34.89"," 25.35","  2.14"," 58.17","  1.42","  2.78"," 51.30","  1.57","  0.14"," 44.07","260.03","163.91","  7.76","  2.99","  0.57","  2.42","  2.14"," 53.62"," 43.93"," 81.90","  3.92","  0.21","  0.00","  0.00","  1.21","  1.57","  0.14","  1.85","  1.50","  1.28","  0.00","  0.00","  0.00","  7.19","  1.07","  1.78"," 37.50",7000000
"25","Adil Rami","  0.25","  0.00","  0.25","  0.00","  0.00","  0.08","  0.00","  0.07","  0.07","  0.00","  0.07","  0.25","  0.42","  0.25"," 60.00","  0.60","  1.00","  6.60","  0.00","  0.00","  0.00","  0.07","  0.07","  0.16","  0.18","  0.18"," 31.99"," 38.20"," 83.70","730.49","267.40"," 10.24"," 11.42"," 89.70"," 14.52"," 16.04"," 90.60","  6.97"," 10.07"," 69.20","  0.00","  0.00","  0.08","  1.60","  0.08","  0.00","  1.60"," 38.20"," 36.69","  1.51","  1.18","  0.00","  4.45","  2.69","  0.00","  0.00","  0.00","  0.00","  0.00"," 27.96","  3.19","  7.05","  4.45"," 31.40","  1.09","  0.34","  0.08"," 31.99","  0.17","  1.60","  0.50","  0.50","  0.42","  0.34","  0.00","  0.00","  0.08","  0.00","  0.00","  0.00","  0.00","  0.00","  0.00","  0.00","  0.00","  0.00","  1.34","  1.01","  0.84","  0.42","  0.08","  0.84","  1.09"," 76.90","  0.25","  6.97","  2.43"," 34.90","  4.11","  2.69","  0.17","  1.34","  0.67","  0.00","  0.67","  1.51","  2.85","  3.36","  0.00"," 46.09","  7.47"," 28.96"," 17.38","  2.35","  0.76"," 44.66","  0.34","  0.50"," 66.70","  0.42","  0.00"," 27.71","139.87"," 71.61","  1.26","  0.42","  0.00","  0.50","  0.17"," 30.73"," 29.55"," 96.20","  0.00","  0.08","  0.00","  0.00","  0.76","  0.42","  0.00","  0.00","  1.51","  1.01","  0.00","  0.00","  0.00","  7.14","  1.85","  0.84"," 68.80",250000
"26","Adnan Januzaj","  0.21","  0.21","  0.08","  0.12","  0.12","  0.29","  0.00","  0.25","  0.15","  0.31","  0.46","  0.21","  2.55","  0.74"," 29.00","  0.03","  0.11"," 22.00","  0.45","  0.12","  0.12","  0.25","  0.15","  0.06"," -0.04"," -0.07"," 29.45"," 43.67"," 67.50","597.55","229.25"," 12.86"," 15.53"," 82.80"," 10.56"," 13.93"," 75.80","  5.46"," 12.20"," 44.80","  0.21","  0.31","  2.51","  2.79","  2.46","  0.53","  5.01"," 43.67"," 35.49","  8.17","  2.75","  0.37","  7.80","  3.49","  3.16","  4.76","  1.89","  1.93","  0.21"," 27.07","  5.46"," 11.13"," 36.23","  5.87","  0.45","  0.58","  0.00"," 29.45","  0.37","  1.64","  1.93","  2.14","  4.44","  2.09","  1.52","  0.33","  0.25","  0.25","  0.00","  0.62","  0.25","  0.12","  0.04","  0.12","  0.08","  0.00","  0.99","  0.49","  0.25","  0.53","  0.21","  0.21","  0.78"," 26.30","  0.58","  9.98","  3.00"," 30.00","  1.97","  5.30","  2.71","  1.23","  0.21","  0.00","  1.03","  0.94","  1.93","  0.70","  0.00"," 61.12","  0.94","  5.34"," 28.71"," 31.92","  3.61"," 53.77","  2.92","  5.18"," 56.30","  3.16","  0.29"," 47.03","222.43","135.76","  8.59","  2.67","  0.99","  3.25","  3.49"," 51.96"," 44.28"," 85.20","  5.83","  0.29","  0.00","  0.00","  0.94","  3.61","  0.16","  3.16","  0.94","  0.49","  0.04","  0.00","  0.00","  4.76","  0.78","  1.27"," 38.00",12000000
"27","Adolfo Gaich","  0.24","  0.00","  0.24","  0.00","  0.00","  0.12","  0.00","  0.30","  0.30","  0.02","  0.33","  0.24","  2.77","  0.84"," 30.40","  0.09","  0.29"," 13.70","  0.00","  0.00","  0.00","  0.30","  0.30","  0.11"," -0.06"," -0.06"," 10.48"," 16.63"," 63.00","150.00"," 26.39","  5.78","  8.43"," 68.60","  2.89","  4.46"," 64.90","  0.96","  1.20"," 80.00","  0.00","  0.02","  0.48","  0.24","  0.36","  0.12","  0.60"," 16.63"," 15.78","  0.84","  0.00","  0.12","  4.58","  0.12","  0.36","  0.12","  0.00","  0.00","  0.00","  9.04","  5.42","  2.17","  0.72"," 12.05","  2.05","  0.00","  0.84"," 10.48","  0.12","  0.36","  0.36","  0.96","  1.45","  0.84","  0.00","  0.12","  0.00","  0.24","  0.24","  0.36","  0.12","  0.00","  0.12","  0.00","  0.00","  0.12","  1.20","  0.36","  0.24","  0.84","  0.12","  0.00","  0.96","  0.00","  0.96"," 23.86","  4.82"," 20.20","  1.81"," 13.49","  8.55","  0.96","  0.00","  0.00","  0.96","  0.60","  1.81","  0.48","  0.00"," 30.84","  0.48","  1.93"," 16.75"," 14.10","  4.70"," 30.00","  1.08","  2.41"," 45.00","  1.33","  0.48"," 16.39"," 63.73"," 25.78","  1.33","  0.48","  0.24","  2.89","  1.57"," 48.19"," 22.05"," 45.80","  7.59","  0.12","  0.00","  0.00","  3.61","  2.29","  0.24","  0.36","  0.60","  0.36","  0.00","  0.12","  0.00","  3.37","  1.69","  6.02"," 21.90",5000000
"28","Adri Embarba","  0.00","  0.11","  0.00","  0.00","  0.00","  0.11","  0.00","  0.15","  0.15","  0.12","  0.28","  0.00","  2.26","  0.77"," 34.10","  0.00","  0.00"," 22.80","  0.77","  0.00","  0.00","  0.15","  0.15","  0.07"," -0.15"," -0.15"," 22.16"," 36.21"," 61.20","381.27","121.91"," 11.30"," 13.72"," 82.30","  6.94"," 11.02"," 63.00","  2.87","  8.71"," 32.90","  0.11","  0.12","  1.60","  1.21","  1.16","  0.55","  1.93"," 36.21"," 28.93","  7.28","  1.76","  0.00","  6.67","  1.87","  3.53","  5.29","  1.71","  2.20","  0.11"," 19.01","  5.84"," 11.35","  5.62"," 28.00","  1.27","  0.22","  0.39"," 22.16","  0.33","  1.10","  1.32","  2.20","  3.86","  1.82","  1.05","  0.39","  0.22","  0.22","  0.17","  0.33","  0.11","  0.17","  0.00","  0.06","  0.00","  0.00","  1.43","  0.88","  0.61","  0.44","  0.39","  0.66","  2.31"," 28.60","  1.65"," 13.89","  3.36"," 24.20","  3.86","  6.17","  3.86","  1.76","  0.11","  0.00","  1.65","  1.27","  2.70","  1.16","  0.00"," 50.10","  1.71","  7.66"," 19.12"," 27.17","  2.26"," 42.44","  1.32","  2.98"," 44.40","  1.54","  0.22"," 30.20","179.56","104.00","  5.79","  1.76","  0.88","  2.31","  1.76"," 37.26"," 29.10"," 78.10","  3.58","  0.11","  0.00","  0.00","  1.65","  2.04","  0.33","  3.53","  1.27","  0.88","  0.00","  0.00","  0.00","  7.11","  0.77","  1.27"," 37.80",6000000
"29","Adrián Cubas","  0.00","  0.00","  0.00","  0.00","  0.00","  0.13","  0.00","  0.03","  0.03","  0.03","  0.07","  0.00","  0.53","  0.13"," 25.00","  0.00","  0.00"," 22.20","  0.00","  0.00","  0.00","  0.03","  0.03","  0.06"," -0.03"," -0.03"," 31.73"," 38.36"," 82.70","653.89","197.92"," 10.62"," 12.48"," 85.10"," 15.13"," 16.86"," 89.80","  5.44","  7.83"," 69.50","  0.00","  0.03","  0.40","  1.86","  0.27","  0.00","  3.58"," 38.36"," 36.90","  1.46","  1.46","  0.00","  6.11","  0.93","  0.27","  0.00","  0.00","  0.00","  0.00"," 27.61","  4.78","  5.97","  6.50"," 30.53","  1.19","  0.00","  0.00"," 31.73","  0.13","  0.53","  1.73","  0.53","  0.93","  0.80","  0.00","  0.00","  0.00","  0.00","  0.13","  0.13","  0.13","  0.00","  0.00","  0.00","  0.00","  0.00","  2.79","  2.26","  1.33","  1.19","  0.27","  1.33","  2.79"," 47.60","  1.46"," 34.38"," 11.15"," 32.40"," 18.19"," 14.07","  2.12","  1.33","  0.53","  0.00","  0.80","  2.92","  5.71","  1.73","  0.00"," 48.19","  3.19"," 18.72"," 26.81","  5.31","  0.27"," 46.99","  0.53","  0.80"," 66.70","  0.66","  0.00"," 32.79","155.31"," 85.35","  1.73","  0.00","  0.00","  0.40","  1.73"," 27.08"," 25.75"," 95.10","  0.53","  0.13","  0.00","  0.00","  1.59","  0.80","  0.00","  0.27","  2.92","  2.26","  0.00","  0.00","  0.00"," 11.68","  0.27","  1.19"," 18.20",2500000
"30","Adrian Grbic","  0.27","  0.00","  0.13","  0.13","  0.13","  0.13","  0.00","  0.35","  0.24","  0.07","  0.32","  0.27","  2.28","  1.07"," 47.10","  0.06","  0.13"," 19.40","  0.54","  0.13","  0.13","  0.35","  0.24","  0.11"," -0.08"," -0.11"," 13.97"," 20.69"," 67.50","173.42"," 36.81","  9.94"," 13.16"," 75.50","  2.82","  4.43"," 63.60","  0.27","  0.67"," 40.00","  0.00","  0.07","  0.54","  0.67","  0.13","  0.00","  1.07"," 20.69"," 19.07","  1.61","  0.13","  0.00","  6.72","  0.54","  0.27","  0.00","  0.00","  0.00","  0.00"," 12.49","  4.43","  3.76","  1.61"," 14.78","  1.61","  0.13","  0.27"," 13.97","  0.00","  0.54","  1.07","  1.34","  1.21","  0.81","  0.00","  0.13","  0.13","  0.13","  0.00","  0.00","  0.00","  0.00","  0.00","  0.00","  0.00","  0.00","  0.54","  0.40","  0.00","  0.54","  0.00","  0.13","  0.81"," 16.70","  0.67"," 18.13","  3.76"," 20.70","  1.61","  9.27","  7.25","  0.81","  0.13","  0.00","  0.67","  0.40","  0.94","  0.94","  0.00"," 31.03","  1.34","  4.84"," 14.78"," 12.76","  3.22"," 28.75","  0.40","  0.67"," 60.00","  0.54","  0.00"," 15.18"," 59.24"," 34.79","  1.34","  0.54","  0.27","  2.28","  1.34"," 37.07"," 20.42"," 55.10","  4.70","  0.13","  0.00","  0.00","  1.61","  2.01","  0.13","  0.27","  0.40","  0.40","  0.00","  0.00","  0.00","  4.84","  2.55","  3.49"," 42.20",4000000
"31","Adrien Hunou","  0.37","  0.05","  0.37","  0.00","  0.00","  0.11","  0.00","  0.54","  0.54","  0.10","  0.64","  0.37","  3.52","  1.31"," 37.30","  0.10","  0.28"," 14.80","  0.00","  0.00","  0.00","  0.54","  0.54","  0.15"," -0.17"," -0.17"," 20.48"," 26.46"," 77.40","308.02"," 37.23"," 12.29"," 14.23"," 86.30","  6.09","  8.51"," 71.60","  1.58","  2.05"," 76.90","  0.05","  0.10","  0.89","  1.05","  0.68","  0.05","  1.05"," 26.46"," 24.26","  2.21","  0.00","  0.00","  4.99","  0.16","  0.42","  0.00","  0.00","  0.00","  0.00"," 18.48","  5.36","  2.63","  1.68"," 21.48","  1.73","  0.42","  0.11"," 20.48","  0.16","  0.42","  1.68","  0.74","  2.31","  1.63","  0.00","  0.11","  0.16","  0.32","  0.11","  0.16","  0.05","  0.00","  0.00","  0.11","  0.00","  0.00","  0.63","  0.26","  0.05","  0.26","  0.32","  0.32","  0.84"," 37.50","  0.53"," 15.49","  4.52"," 29.20","  1.05","  4.94","  9.50","  0.68","  0.11","  0.00","  0.58","  0.26","  0.89","  0.11","  0.00"," 36.81","  0.26","  1.63"," 14.18"," 22.53","  5.67"," 34.60","  0.63","  1.05"," 60.00","  0.63","  0.00"," 22.16"," 88.11"," 40.96","  2.42","  0.53","  0.53","  1.89","  1.26"," 48.94"," 28.25"," 57.70","  9.87","  0.11","  0.00","  0.00","  0.84","  1.47","  0.74","  0.42","  0.26","  0.26","  0.00","  0.00","  0.00","  3.68","  1.21","  2.89"," 29.50",3500000
"32","Adrien Rabiot","  0.12","  0.12","  0.12","  0.00","  0.00","  0.12","  0.00","  0.09","  0.09","  0.07","  0.16","  0.12","  1.40","  0.44"," 31.30","  0.08","  0.27"," 17.60","  0.00","  0.00","  0.00","  0.09","  0.09","  0.07","  0.02","  0.02"," 41.20"," 47.83"," 86.10","715.50","171.99"," 18.64"," 20.98"," 88.90"," 17.59"," 19.58"," 89.90","  4.09","  5.32"," 76.90","  0.12","  0.07","  0.47","  3.21","  0.64","  0.15","  3.07"," 47.83"," 46.43","  1.40","  0.99","  0.00","  8.50","  0.53","  0.64","  0.00","  0.00","  0.00","  0.00"," 37.61","  5.49","  4.73"," 32.90"," 11.05","  1.87","  0.38","  0.18"," 41.20","  0.06","  0.56","  1.08","  1.23","  1.58","  1.37","  0.00","  0.06","  0.15","  0.00","  0.00","  0.23","  0.20","  0.00","  0.00","  0.03","  0.00","  0.00","  2.75","  1.93","  1.58","  0.94","  0.23","  0.64","  1.43"," 44.90","  0.79"," 21.45","  6.87"," 32.00","  8.74","  9.35","  3.36","  1.78","  0.26","  0.00","  1.52","  1.34","  4.09","  1.31","  0.00"," 59.52","  3.51"," 16.33"," 32.90"," 14.93","  2.16"," 58.15","  0.76","  1.23"," 61.90","  0.85","  0.00"," 39.83","268.19","129.01","  5.11","  1.81","  0.47","  0.99","  1.23"," 45.56"," 40.65"," 89.20","  2.40","  0.12","  0.00","  0.00","  1.99","  1.31","  0.03","  0.64","  1.34","  1.93","  0.00","  0.03","  0.00","  8.80","  2.07","  1.08"," 65.70",22000000
"33","Adrien Silva","  0.05","  0.11","  0.05","  0.00","  0.00","  0.32","  0.11","  0.03","  0.03","  0.05","  0.08","  0.05","  0.53","  0.16"," 30.00","  0.10","  0.33"," 22.90","  0.00","  0.00","  0.00","  0.03","  0.03","  0.05","  0.03","  0.03"," 44.76"," 51.83"," 86.40","944.87","217.85"," 14.94"," 17.22"," 86.70"," 20.52"," 22.49"," 91.30","  8.67"," 10.58"," 81.90","  0.11","  0.05","  0.74","  3.67","  0.53","  0.11","  4.04"," 51.83"," 49.39","  2.45","  2.34","  0.00","  7.87","  2.76","  0.43","  0.00","  0.00","  0.00","  0.00"," 37.00","  6.01","  8.82","  9.36"," 39.13","  2.34","  0.11","  0.21"," 44.76","  0.11","  0.43","  1.49","  0.74","  1.75","  1.59","  0.11","  0.00","  0.05","  0.00","  0.00","  0.16","  0.11","  0.05","  0.00","  0.00","  0.00","  0.00","  2.60","  1.44","  1.38","  0.90","  0.32","  0.96","  2.39"," 40.00","  1.44"," 22.17","  6.33"," 28.50","  7.81"," 10.90","  3.46","  1.91","  0.37","  0.00","  1.54","  2.23","  4.84","  1.33","  0.00"," 62.68","  3.03"," 16.90"," 39.76","  9.62","  0.64"," 60.55","  0.58","  1.06"," 55.00","  0.58","  0.00"," 39.50","159.11"," 82.45","  3.08","  0.90","  0.05","  0.64","  1.17"," 41.52"," 39.02"," 94.00","  1.17","  0.32","  0.11","  0.05","  1.86","  1.38","  0.00","  0.43","  2.23","  1.44","  0.00","  0.11","  0.00"," 11.64","  0.90","  1.33"," 40.50",2500000
"34","Adrien Tameze","  0.16","  0.04","  0.16","  0.00","  0.00","  0.20","  0.00","  0.05","  0.05","  0.04","  0.08","  0.16","  0.80","  0.24"," 30.00","  0.20","  0.67"," 20.00","  0.00","  0.00","  0.00","  0.05","  0.05","  0.06","  0.11","  0.11"," 37.64"," 46.36"," 81.20","689.16","192.56"," 16.36"," 19.16"," 85.40"," 15.64"," 18.28"," 85.60","  4.72","  7.20"," 65.60","  0.04","  0.04","  0.68","  3.44","  0.64","  0.08","  4.28"," 46.36"," 44.16","  2.20","  1.12","  0.00","  7.28","  0.88","  0.76","  0.00","  0.00","  0.00","  0.00"," 32.00","  6.64","  7.72","  4.48"," 36.88","  2.68","  1.04","  0.28"," 37.64","  0.28","  0.80","  1.60","  0.76","  1.72","  1.32","  0.00","  0.12","  0.08","  0.08","  0.12","  0.16","  0.12","  0.00","  0.04","  0.00","  0.00","  0.00","  1.84","  1.28","  0.88","  0.76","  0.20","  0.60","  1.64"," 36.60","  1.04"," 18.08","  5.76"," 31.90","  5.92","  9.08","  3.08","  1.68","  0.32","  0.00","  1.36","  2.48","  4.32","  1.84","  0.04"," 58.68","  2.84"," 14.36"," 33.88"," 13.56","  1.40"," 56.76","  1.20","  1.88"," 63.80","  1.24","  0.08"," 37.72","190.20"," 96.64","  3.60","  1.08","  0.24","  1.68","  1.16"," 38.56"," 35.20"," 91.30","  2.48","  0.20","  0.00","  0.00","  1.52","  1.40","  0.08","  0.76","  2.48","  1.28","  0.00","  0.04","  0.00"," 11.76","  1.72","  1.76"," 49.40",7000000
"35","Adrien Thomasson","  0.23","  0.16","  0.23","  0.00","  0.00","  0.19","  0.03","  0.23","  0.23","  0.19","  0.41","  0.23","  1.69","  0.55"," 32.70","  0.13","  0.41"," 15.80","  0.00","  0.00","  0.00","  0.23","  0.23","  0.14","  0.00","  0.00"," 36.74"," 47.52"," 77.30","633.89","147.90"," 17.56"," 21.10"," 83.20"," 14.54"," 17.46"," 83.30","  3.73","  6.13"," 60.80","  0.16","  0.19","  1.20","  3.38","  1.10","  0.29","  3.67"," 47.52"," 45.24","  2.27","  0.62","  0.23"," 10.58","  0.88","  1.82","  0.23","  0.03","  0.06","  0.00"," 34.66","  6.65","  6.20","  8.89"," 35.08","  1.88","  0.68","  0.29"," 36.74","  0.23","  0.65","  2.11","  1.79","  3.21","  2.30","  0.13","  0.32","  0.26","  0.13","  0.06","  0.49","  0.32","  0.00","  0.03","  0.10","  0.03","  0.00","  2.43","  1.33","  0.81","  0.94","  0.68","  0.94","  3.15"," 29.90","  2.21"," 29.15","  8.18"," 28.10","  6.39"," 13.24","  9.51","  2.24","  0.23","  0.00","  2.01","  1.69","  4.12","  0.52","  0.00"," 61.37","  0.88","  8.89"," 29.99"," 25.25","  5.36"," 59.20","  1.30","  2.14"," 60.60","  1.40","  0.10"," 39.86","177.11"," 78.28","  3.34","  0.97","  0.55","  1.88","  1.91"," 52.19"," 41.19"," 78.90","  6.23","  0.19","  0.03","  0.00","  1.46","  1.66","  0.16","  1.82","  1.69","  1.33","  0.03","  0.00","  0.00","  9.77","  0.75","  1.85"," 28.80",8000000
"36","Adrien Truffert","  0.18","  0.06","  0.18","  0.00","  0.00","  0.18","  0.00","  0.11","  0.11","  0.07","  0.18","  0.18","  1.24","  0.24"," 19.00","  0.14","  0.75"," 21.20","  0.00","  0.00","  0.00","  0.11","  0.11","  0.09","  0.07","  0.07"," 52.64"," 63.38"," 83.10","869.84","264.04"," 26.38"," 29.27"," 90.10"," 22.07"," 25.61"," 86.20","  3.48","  6.26"," 55.70","  0.06","  0.07","  0.65","  3.42","  1.06","  0.47","  4.07"," 63.38"," 54.35","  9.03","  0.89","  0.06","  8.09","  0.71","  2.36","  0.00","  0.00","  0.00","  0.00"," 44.20"," 10.33","  8.85"," 45.21","  7.20","  2.36","  8.14","  0.00"," 52.64","  0.30","  0.65","  2.01","  2.12","  1.71","  1.36","  0.00","  0.12","  0.12","  0.06","  0.06","  0.18","  0.18","  0.00","  0.00","  0.00","  0.00","  0.00","  1.65","  0.83","  0.94","  0.53","  0.18","  0.71","  1.95"," 36.40","  1.24"," 16.41","  3.90"," 23.70","  5.96","  6.96","  3.48","  2.95","  0.41","  0.00","  2.54","  1.53","  3.19","  2.36","  0.06"," 75.30","  2.66"," 19.18"," 38.60"," 22.90","  2.12"," 66.69","  1.00","  1.89"," 53.10","  1.24","  0.06"," 49.93","268.64","156.57","  8.44","  2.60","  0.71","  1.18","  0.53"," 52.58"," 48.75"," 92.70","  3.36","  0.18","  0.00","  0.00","  1.24","  0.89","  0.00","  2.36","  1.53","  0.83","  0.00","  0.00","  0.00","  7.91","  0.94","  1.24"," 43.20",11000000
"37","Ahmad Benali","  0.00","  0.14","  0.00","  0.00","  0.00","  0.14","  0.00","  0.04","  0.04","  0.11","  0.16","  0.00","  0.57","  0.14"," 25.00","  0.00","  0.00"," 14.10","  0.00","  0.00","  0.00","  0.04","  0.04","  0.08"," -0.04"," -0.04"," 39.90"," 48.09"," 83.00","724.88","180.72"," 16.36"," 18.52"," 88.40"," 18.09"," 20.38"," 88.70","  4.31","  7.46"," 57.70","  0.14","  0.11","  1.29","  2.44","  0.29","  0.14","  2.58"," 48.09"," 44.21","  3.88","  1.29","  0.00","  8.18","  1.44","  1.29","  2.15","  0.43","  0.86","  0.43"," 35.31","  4.02","  8.76"," 10.77"," 34.31","  1.87","  0.43","  0.00"," 39.90","  0.29","  0.57","  0.86","  0.72","  2.44","  1.87","  0.43","  0.00","  0.00","  0.14","  0.00","  0.14","  0.14","  0.00","  0.00","  0.00","  0.00","  0.00","  1.58","  1.29","  0.72","  0.86","  0.00","  0.86","  3.16"," 27.30","  2.30"," 21.82","  6.32"," 28.90","  8.61","  9.47","  3.73","  0.86","  0.14","  0.00","  0.72","  1.00","  2.58","  1.87","  0.00"," 56.41","  3.88"," 17.22"," 30.14"," 11.91","  2.15"," 52.68","  0.29","  0.57"," 50.00","  0.29","  0.00"," 38.61","139.95"," 59.71","  2.58","  1.29","  0.14","  0.72","  1.72"," 43.92"," 39.19"," 89.20","  3.01","  0.14","  0.00","  0.00","  1.15","  1.00","  0.14","  1.29","  1.00","  1.29","  0.00","  0.00","  0.00","  7.18","  1.00","  0.43"," 70.00",1500000
"38","Ahmed Elmohamady","   0.00","   0.00","   0.00","   0.00","   0.00","   0.00","   0.00","   0.05","   0.05","   0.05","   0.11","   0.00","   1.09","   0.18","  16.70","   0.00","   0.00","  11.40","   0.00","   0.00","   0.00","   0.05","   0.05","   0.04","  -0.05","  -0.05","  56.07","  68.59","  81.70","1100.69"," 428.04","  23.23","  25.22","  92.10","  23.23","  28.13","  82.60","   9.07","  13.79","  65.80","   0.00","   0.05","   1.27","   4.72","   2.90","   0.73","   6.35","  68.59","  56.07","  12.52","   1.81","   0.00","   9.07","   2.00","   3.45","   0.00","   0.00","   0.00","   0.00","  33.39","  19.96","  15.24","   0.54","  50.99","   3.81","  10.71","   0.36","  56.07","   0.18","   1.27","   1.27","   0.91","   1.63","   1.63","   0.00","   0.00","   0.00","   0.00","   0.00","   0.00","   0.00","   0.00","   0.00","   0.00","   0.00","   0.00","   2.18","   1.63","   0.91","   0.54","   0.73","   0.36","   0.73","  50.00","   0.36","   7.44","   2.90","  39.00","   3.81","   2.18","   1.45","   2.00","   0.54","   0.00","   1.45","   2.90","   5.08","   3.45","   0.00","  79.29","   4.90","  24.86","  33.02","  25.58","   1.63","  67.32","   0.18","   0.36","  50.00","   0.18","   0.00","  40.65"," 194.33"," 119.58","   6.17","   2.00","   0.36","   0.18","   0.73","  49.35","  45.91","  93.00","   2.54","   0.00","   0.00","   0.00","   0.54","   0.36","   0.00","   3.45","   2.90","   1.63","   0.00","   0.00","   0.00","   8.89","   3.63","   1.27","  74.10",800000
"39","Aihen Muñoz","  0.00","  0.00","  0.00","  0.00","  0.00","  0.25","  0.04","  0.01","  0.01","  0.07","  0.08","  0.00","  0.42","  0.08"," 20.00","  0.00","  0.00"," 24.80","  0.00","  0.00","  0.00","  0.01","  0.01","  0.02"," -0.01"," -0.01"," 40.32"," 53.52"," 75.40","738.99","318.46"," 16.49"," 18.74"," 88.00"," 19.12"," 23.00"," 83.10","  4.01","  9.31"," 43.00","  0.00","  0.07","  0.71","  3.01","  0.75","  0.46","  2.88"," 53.52"," 41.70"," 11.81","  1.29","  0.04","  5.26","  1.17","  2.46","  0.04","  0.04","  0.00","  0.00"," 29.55"," 11.15"," 12.82"," 35.19","  3.97","  2.71"," 10.48","  0.08"," 40.32","  0.08","  1.38","  1.88","  2.09","  1.38","  1.04","  0.17","  0.04","  0.04","  0.08","  0.00","  0.04","  0.00","  0.00","  0.00","  0.04","  0.00","  0.00","  2.30","  1.13","  1.00","  1.09","  0.21","  1.13","  1.92"," 58.70","  0.79"," 13.44","  4.59"," 34.20","  5.76","  6.05","  1.63","  1.25","  0.17","  0.00","  1.09","  1.67","  3.97","  2.55","  0.04"," 64.12","  2.71"," 20.08"," 31.73"," 16.28","  1.00"," 52.60","  0.75","  1.84"," 40.90","  0.92","  0.13"," 36.15","162.68"," 95.09","  4.05","  1.75","  0.33","  1.04","  0.92"," 37.44"," 34.73"," 92.80","  1.92","  0.25","  0.04","  0.04","  1.59","  0.79","  0.00","  2.46","  1.67","  1.13","  0.00","  0.00","  0.00","  8.64","  1.80","  1.80"," 50.00",6000000
"40","Aimen Moueffek","  0.00","  0.00","  0.00","  0.00","  0.00","  0.17","  0.00","  0.02","  0.02","  0.02","  0.03","  0.00","  0.68","  0.17"," 25.00","  0.00","  0.00"," 26.30","  0.00","  0.00","  0.00","  0.02","  0.02","  0.03"," -0.02"," -0.02"," 37.64"," 44.32"," 84.90","697.24","136.37"," 17.28"," 19.33"," 89.40"," 14.71"," 16.77"," 87.80","  5.48","  7.53"," 72.70","  0.00","  0.02","  0.34","  3.76","  0.34","  0.00","  3.59"," 44.32"," 44.14","  0.17","  0.17","  0.00","  6.67","  0.68","  0.17","  0.00","  0.00","  0.00","  0.00"," 36.62","  3.59","  4.11","  4.28"," 36.27","  2.22","  0.00","  0.17"," 37.64","  0.00","  0.68","  0.86","  0.86","  1.54","  1.03","  0.00","  0.17","  0.00","  0.17","  0.17","  0.00","  0.00","  0.00","  0.00","  0.00","  0.00","  0.00","  2.05","  1.88","  0.51","  1.54","  0.00","  0.34","  2.40"," 14.30","  2.05"," 26.18","  8.56"," 32.70","  8.38"," 12.83","  4.96","  1.20","  0.17","  0.00","  1.03","  1.03","  3.08","  0.68","  0.00"," 58.00","  1.71"," 11.98"," 39.70"," 12.49","  0.51"," 57.83","  1.71","  3.76"," 45.50","  2.05","  0.00"," 43.63","242.79","127.64","  6.84","  2.22","  0.00","  1.54","  2.22"," 42.43"," 38.67"," 91.10","  2.57","  0.17","  0.00","  0.00","  1.88","  1.71","  0.00","  0.17","  1.03","  1.88","  0.00","  0.00","  0.00"," 12.15","  1.88","  1.54"," 55.00",2000000
"41","Ainsley Maitland-Niles","  0.00","  0.00","  0.00","  0.00","  0.00","  0.06","  0.00","  0.05","  0.05","  0.05","  0.11","  0.00","  0.71","  0.18"," 25.00","  0.00","  0.00"," 22.50","  0.00","  0.00","  0.00","  0.05","  0.05","  0.08"," -0.05"," -0.05"," 31.38"," 41.25"," 76.10","527.89","171.85"," 14.89"," 18.02"," 82.60"," 12.35"," 15.19"," 81.30","  2.95","  5.32"," 55.60","  0.00","  0.05","  0.53","  2.07","  0.83","  0.24","  3.37"," 41.25"," 37.05","  4.20","  0.35","  0.06","  6.50","  0.71","  1.65","  0.06","  0.06","  0.00","  0.00"," 26.89","  7.68","  6.68","  5.26"," 29.43","  2.19","  3.37","  0.41"," 31.38","  0.12","  0.77","  2.19","  1.65","  1.36","  1.00","  0.06","  0.00","  0.12","  0.12","  0.06","  0.12","  0.06","  0.00","  0.00","  0.00","  0.06","  0.00","  1.36","  0.95","  0.59","  0.41","  0.35","  0.30","  2.19"," 13.50","  1.89"," 20.15","  6.85"," 34.00","  6.44","  8.75","  4.96","  2.01","  0.18","  0.00","  1.83","  1.77","  3.13","  1.60","  0.00"," 53.24","  2.84"," 14.18"," 25.47"," 16.72","  2.01"," 49.11","  1.18","  2.25"," 52.60","  1.36","  0.00"," 31.32","143.30"," 75.82","  3.43","  1.12","  0.47","  1.30","  1.71"," 37.58"," 31.73"," 84.40","  2.90","  0.06","  0.00","  0.00","  1.06","  0.89","  0.06","  1.65","  1.77","  0.95","  0.06","  0.00","  0.00","  9.40","  0.71","  1.60"," 30.80",12000000
"42","Aïssa Mandi","   0.05","   0.05","   0.05","   0.00","   0.00","   0.16","   0.00","   0.11","   0.11","   0.01","   0.11","   0.05","   0.43","   0.16","  37.50","   0.13","   0.33","   9.00","   0.00","   0.00","   0.00","   0.11","   0.11","   0.25","  -0.05","  -0.05","  57.00","  60.83","  93.70","1250.90"," 400.72","  15.17","  16.07","  94.40","  30.92","  32.09","  96.40","  10.59","  11.92","  88.80","   0.05","   0.01","   0.11","   2.29","   0.11","   0.00","   2.61","  60.83","  58.60","   2.24","   2.13","   0.00","   4.95","   1.97","   0.00","   0.00","   0.00","   0.00","   0.00","  52.69","   3.46","   4.68","   6.17","  52.21","   1.44","   0.05","   0.16","  57.00","   0.00","   0.43","   0.64","   0.43","   0.21","   0.11","   0.00","   0.00","   0.05","   0.05","   0.00","   0.05","   0.00","   0.00","   0.00","   0.05","   0.00","   0.00","   1.33","   0.75","   0.80","   0.48","   0.05","   0.27","   0.53","  50.00","   0.27","   5.38","   1.97","  36.60","   3.19","   1.76","   0.43","   1.44","   0.80","   0.11","   0.64","   1.01","   2.34","   3.62","   0.05","  69.03","   9.26","  36.09","  35.02","   1.97","   0.64","  66.85","   0.05","   0.11","  50.00","   0.05","   0.00","  47.26"," 233.81"," 124.17","   2.66","   0.43","   0.00","   0.21","   0.11","  51.84","  51.25","  98.90","   0.00","   0.16","   0.00","   0.00","   0.75","   0.43","   0.05","   0.00","   1.01","   0.75","   0.00","   0.00","   0.05","   7.19","   1.92","   0.96","  66.70",6000000
"43","Aitor Ruibal","  0.06","  0.12","  0.06","  0.00","  0.00","  0.42","  0.00","  0.19","  0.19","  0.08","  0.27","  0.06","  2.14","  0.65"," 30.60","  0.03","  0.09"," 17.20","  0.00","  0.00","  0.00","  0.19","  0.19","  0.09"," -0.13"," -0.13"," 23.36"," 31.21"," 74.90","354.59","114.08"," 13.55"," 16.47"," 82.30","  7.31","  9.33"," 78.30","  1.72","  3.03"," 56.90","  0.12","  0.08","  0.77","  1.19","  1.07","  0.24","  2.68"," 31.21"," 29.60","  1.61","  0.24","  0.06","  6.60","  0.36","  1.37","  0.00","  0.00","  0.00","  0.00"," 23.78","  4.22","  3.21","  2.20"," 26.45","  0.65","  1.37","  0.18"," 23.36","  0.24","  0.95","  1.72","  1.49","  2.38","  1.66","  0.00","  0.42","  0.06","  0.18","  0.06","  0.24","  0.18","  0.00","  0.00","  0.00","  0.06","  0.00","  2.91","  1.49","  1.13","  1.13","  0.65","  1.37","  4.40"," 31.10","  3.03"," 24.55","  6.96"," 28.30","  6.48"," 11.35","  6.72","  1.49","  0.06","  0.00","  1.43","  1.25","  4.16","  0.65","  0.00"," 46.43","  0.83","  8.32"," 20.51"," 20.81","  3.57"," 44.94","  2.26","  4.28"," 52.80","  2.62","  0.06"," 33.59","132.27"," 80.43","  3.98","  0.83","  0.48","  1.96","  2.38"," 43.51"," 31.51"," 72.40","  6.78","  0.42","  0.00","  0.00","  3.03","  1.72","  0.30","  1.37","  1.25","  1.49","  0.00","  0.00","  0.00","  6.42","  0.42","  1.49"," 21.90",3000000
"44","Ajdin Hrustic","   0.33","   0.00","   0.33","   0.00","   0.00","   0.33","   0.00","   0.09","   0.09","   0.08","   0.18","   0.33","   2.63","   0.99","  37.50","   0.13","   0.33","  23.70","   0.00","   0.00","   0.00","   0.09","   0.09","   0.03","   0.24","   0.24","  52.84","  64.24","  82.30","1001.62"," 306.07","  22.25","  24.88","  89.40","  21.92","  23.90","  91.70","   7.78","  12.39","  62.80","   0.00","   0.08","   0.99","   4.28","   1.21","   0.33","   4.93","  64.24","  60.07","   4.17","   1.21","   0.22","   8.33","   2.19","   1.10","   2.41","   0.77","   1.10","   0.22","  50.10","   6.36","   7.78","  54.37","   7.34","   1.53","   0.33","   0.11","  52.84","   0.11","   0.88","   2.30","   2.52","   2.30","   1.32","   0.55","   0.00","   0.33","   0.11","   0.00","   0.22","   0.11","   0.00","   0.00","   0.11","   0.00","   0.00","   1.64","   1.43","   0.33","   0.88","   0.44","   0.33","   1.75","  18.80","   1.43","  19.07","   5.92","  31.00","   4.82","  10.41","   3.84","   1.97","   0.11","   0.00","   1.86","   1.21","   2.85","   0.77","   0.00","  77.39","   1.97","  16.11","  47.25","  20.28","   1.64","  73.34","   0.77","   0.99","  77.80","   0.88","   0.11","  54.92"," 246.10"," 121.13","   5.15","   2.41","   0.00","   1.10","   1.97","  59.85","  54.59","  91.20","   2.85","   0.33","   0.00","   0.00","   1.75","   1.10","   0.00","   1.10","   1.21","   1.43","   0.00","   0.00","   0.00","  11.18","   0.77","   1.53","  33.30",3000000
"45","Akim Zedadka","  0.00","  0.12","  0.00","  0.00","  0.00","  0.12","  0.00","  0.03","  0.03","  0.05","  0.08","  0.00","  0.81","  0.15"," 19.00","  0.00","  0.00"," 24.00","  0.00","  0.00","  0.00","  0.03","  0.03","  0.03"," -0.03"," -0.03"," 45.77"," 56.95"," 80.40","759.39","272.51"," 24.05"," 27.37"," 87.90"," 17.24"," 21.34"," 80.80","  3.60","  6.11"," 58.90","  0.12","  0.05","  0.85","  2.16","  1.35","  0.85","  3.21"," 56.95"," 44.92"," 12.02","  1.24","  0.00","  6.42","  1.04","  2.36","  0.00","  0.00","  0.00","  0.00"," 34.60"," 12.14"," 10.21","  5.45"," 38.51","  1.66"," 10.79","  0.04"," 45.77","  0.15","  0.66","  2.67","  1.66","  1.89","  1.55","  0.00","  0.19","  0.08","  0.08","  0.00","  0.23","  0.23","  0.00","  0.00","  0.00","  0.00","  0.00","  2.24","  1.20","  1.04","  0.93","  0.27","  1.08","  1.86"," 58.30","  0.77"," 11.37","  4.18"," 36.70","  4.29","  5.06","  2.01","  1.43","  0.23","  0.00","  1.20","  2.67","  4.91","  1.20","  0.00"," 69.70","  3.36"," 21.15"," 33.25"," 20.84","  1.12"," 58.30","  1.08","  2.28"," 47.50","  1.24","  0.08"," 43.96","235.59","135.08","  4.99","  1.93","  0.27","  1.43","  1.59"," 44.50"," 40.24"," 90.40","  2.36","  0.12","  0.00","  0.00","  0.81","  2.59","  0.08","  2.36","  2.67","  1.20","  0.00","  0.00","  0.00","  8.81","  0.89","  0.97"," 47.90",2200000
"46","Alassane Pléa","  0.30","  0.17","  0.30","  0.00","  0.00","  0.09","  0.00","  0.28","  0.28","  0.33","  0.61","  0.30","  3.03","  1.17"," 38.60","  0.10","  0.26"," 17.70","  0.00","  0.00","  0.00","  0.28","  0.28","  0.09","  0.03","  0.03"," 26.32"," 34.68"," 75.90","470.87","118.44"," 12.90"," 15.58"," 82.80","  8.79"," 11.34"," 77.50","  3.81","  5.06"," 75.20","  0.17","  0.33","  2.29","  2.94","  1.95","  0.26","  3.94"," 34.68"," 33.07","  1.60","  0.09","  0.56","  9.48","  1.00","  1.17","  0.04","  0.04","  0.00","  0.00"," 25.28","  5.28","  4.11","  4.20"," 28.27","  0.56","  0.13","  0.65"," 26.32","  0.09","  0.43","  2.47","  1.43","  4.42","  3.59","  0.04","  0.17","  0.22","  0.26","  0.13","  0.30","  0.30","  0.00","  0.00","  0.00","  0.00","  0.00","  1.08","  0.69","  0.22","  0.65","  0.22","  0.43","  1.17"," 37.00","  0.74"," 15.76","  4.76"," 30.20","  1.26","  7.40","  7.10","  0.48","  0.04","  0.00","  0.43","  0.52","  1.60","  0.52","  0.00"," 46.80","  0.69","  3.12"," 23.98"," 22.38","  4.63"," 45.28","  1.43","  2.51"," 56.90","  1.56","  0.00"," 34.85","164.98"," 98.70","  6.19","  1.56","  1.13","  2.55","  1.82"," 50.74"," 36.58"," 72.10","  9.83","  0.09","  0.00","  0.00","  1.17","  1.52","  0.78","  1.17","  0.52","  0.69","  0.00","  0.00","  0.00","  5.41","  1.17","  1.52"," 43.50",15000000
"47","Albert Sambi Lokonga","  0.00","  0.00","  0.00","  0.00","  0.00","  0.40","  0.00","  0.05","  0.05","  0.06","  0.11","  0.00","  1.58","  0.59"," 37.50","  0.00","  0.00"," 25.80","  0.00","  0.00","  0.00","  0.05","  0.05","  0.03"," -0.05"," -0.05"," 53.07"," 59.51"," 89.20","966.44","220.20"," 23.27"," 25.25"," 92.20"," 21.88"," 23.66"," 92.50","  6.73","  9.11"," 73.90","  0.00","  0.06","  1.29","  4.85","  1.39","  0.10","  4.36"," 59.51"," 57.23","  2.28","  2.08","  0.10","  9.80","  1.49","  0.30","  0.00","  0.00","  0.00","  0.00"," 47.43","  4.75","  7.33"," 11.09"," 44.65","  2.08","  0.10","  0.10"," 53.07","  0.00","  0.59","  1.19","  0.50","  2.18","  2.18","  0.00","  0.00","  0.00","  0.00","  0.00","  0.00","  0.00","  0.00","  0.00","  0.00","  0.00","  0.00","  1.88","  1.19","  0.79","  0.99","  0.10","  0.69","  1.19"," 58.30","  0.50"," 11.29","  3.56"," 31.60","  3.76","  5.54","  1.98","  1.68","  0.79","  0.00","  0.89","  1.88","  3.76","  1.09","  0.20"," 69.41","  2.77"," 19.01"," 39.90"," 14.55","  0.20"," 67.72","  0.30","  0.40"," 75.00","  0.30","  0.00"," 47.03","285.54","158.71","  6.53","  1.19","  0.00","  0.89","  0.50"," 51.98"," 50.20"," 96.60","  0.89","  0.40","  0.00","  0.00","  1.29","  1.29","  0.00","  0.30","  1.88","  1.19","  0.00","  0.00","  0.00","  9.80","  1.49","  1.88"," 44.10",16000000
"48","Alberth Elis","  0.70","  0.08","  0.70","  0.00","  0.00","  0.15","  0.00","  0.36","  0.36","  0.12","  0.48","  0.70","  1.93","  0.85"," 44.00","  0.36","  0.82"," 14.10","  0.00","  0.00","  0.00","  0.36","  0.36","  0.19","  0.33","  0.33"," 13.69"," 21.34"," 64.10","206.68"," 68.58","  7.42"," 10.21"," 72.70","  4.41","  6.57"," 67.10","  1.08","  1.78"," 60.90","  0.08","  0.12","  1.16","  1.24","  0.77","  0.31","  1.70"," 21.34"," 19.87","  1.47","  0.00","  0.00","  6.80","  0.39","  2.01","  0.00","  0.00","  0.00","  0.00"," 13.84","  4.25","  3.25","  0.77"," 17.55","  0.85","  0.39","  0.23"," 13.69","  0.00","  0.46","  1.62","  1.78","  2.32","  1.78","  0.00","  0.08","  0.08","  0.31","  0.08","  0.15","  0.15","  0.00","  0.00","  0.00","  0.00","  0.00","  1.47","  0.93","  0.46","  0.54","  0.46","  0.62","  1.55"," 40.00","  0.93"," 18.71","  5.03"," 26.90","  4.48","  7.81","  6.42","  1.01","  0.00","  0.00","  1.01","  1.01","  2.47","  0.54","  0.00"," 36.34","  0.85","  5.10"," 16.47"," 17.86","  5.34"," 34.87","  1.39","  3.17"," 43.90","  1.55","  0.00"," 24.28","147.91"," 99.20","  4.56","  1.62","  1.31","  3.09","  2.63"," 39.36"," 25.44"," 64.60","  7.19","  0.15","  0.00","  0.00","  1.55","  1.39","  0.62","  2.01","  1.01","  0.93","  0.00","  0.00","  0.00","  4.25","  1.86","  3.09"," 37.50",6000000
"49","Alberto Grassi","  0.00","  0.05","  0.00","  0.00","  0.00","  0.26","  0.00","  0.05","  0.05","  0.05","  0.10","  0.00","  1.10","  0.16"," 14.30","  0.00","  0.00"," 16.70","  0.05","  0.00","  0.00","  0.05","  0.05","  0.05"," -0.05"," -0.05"," 32.57"," 39.53"," 82.40","599.11","121.10"," 14.24"," 16.39"," 86.90"," 13.98"," 16.28"," 85.90","  3.87","  5.65"," 68.50","  0.05","  0.05","  0.42","  2.51","  0.21","  0.05","  2.20"," 39.53"," 37.43","  2.09","  2.04","  0.00","  6.54","  0.73","  0.16","  0.00","  0.00","  0.00","  0.00"," 28.90","  3.98","  6.65","  5.65"," 29.74","  2.36","  0.05","  0.26"," 32.57","  0.10","  0.68","  0.94","  0.58","  1.26","  0.79","  0.10","  0.05","  0.21","  0.10","  0.00","  0.10","  0.05","  0.00","  0.00","  0.05","  0.00","  0.00","  1.83","  0.84","  0.73","  0.94","  0.16","  0.47","  1.57"," 30.00","  1.10"," 14.50","  3.66"," 25.30","  5.13","  7.07","  2.30","  1.62","  0.42","  0.00","  1.20","  2.36","  4.19","  1.36","  0.00"," 51.52","  3.56"," 14.71"," 31.99","  8.12","  1.52"," 50.00","  0.58","  0.94"," 61.10","  0.63","  0.00"," 32.20","167.12"," 65.18","  2.46","  0.99","  0.16","  1.10","  0.84"," 34.24"," 30.68"," 89.60","  1.31","  0.26","  0.00","  0.00","  1.73","  3.09","  0.05","  0.16","  2.36","  0.84","  0.00","  0.00","  0.00"," 10.16","  1.94","  1.05"," 64.90",2500000
"50","Alberto Moreno","  0.21","  0.10","  0.21","  0.00","  0.00","  0.26","  0.00","  0.20","  0.20","  0.14","  0.34","  0.21","  1.52","  0.63"," 41.40","  0.14","  0.33"," 16.80","  0.10","  0.00","  0.00","  0.20","  0.20","  0.13","  0.01","  0.01"," 37.03"," 45.84"," 80.80","651.14","169.56"," 17.26"," 19.62"," 88.00"," 15.31"," 17.73"," 86.40","  3.88","  6.71"," 57.80","  0.10","  0.14","  1.26","  2.10","  1.36","  0.42","  2.78"," 45.84"," 41.28","  4.56","  1.21","  0.00","  6.40","  0.89","  1.94","  0.52","  0.31","  0.00","  0.00"," 33.04","  6.56","  6.24"," 39.34","  1.63","  1.26","  2.83","  0.31"," 37.03","  0.42","  0.73","  1.57","  1.42","  2.78","  2.05","  0.26","  0.10","  0.26","  0.10","  0.00","  0.21","  0.05","  0.10","  0.00","  0.05","  0.00","  0.00","  1.21","  0.79","  0.73","  0.42","  0.05","  0.47","  1.57"," 30.00","  1.10"," 14.00","  3.72"," 26.60","  5.56","  5.14","  3.30","  1.31","  0.21","  0.00","  1.10","  2.41","  3.62","  0.94","  0.05"," 57.17","  1.94"," 11.85"," 26.22"," 23.44","  2.83"," 52.55","  0.79","  1.36"," 57.70","  1.00","  0.21"," 39.13","203.13","120.37","  5.77","  2.47","  0.31","  1.68","  1.05"," 48.09"," 39.44"," 82.00","  5.09","  0.26","  0.00","  0.00","  1.84","  1.47","  0.26","  1.94","  2.41","  0.79","  0.00","  0.10","  0.00","  6.03","  0.52","  1.31"," 28.60",5000000
"51","Alberto Perea","  0.08","  0.15","  0.08","  0.00","  0.00","  0.15","  0.00","  0.09","  0.09","  0.09","  0.18","  0.08","  1.74","  0.30"," 17.40","  0.04","  0.25"," 21.10","  0.08","  0.00","  0.00","  0.09","  0.09","  0.05"," -0.02"," -0.02"," 27.48"," 37.54"," 73.20","469.53","169.55"," 14.99"," 16.73"," 89.60","  9.23"," 12.26"," 75.30","  2.88","  6.59"," 43.70","  0.15","  0.09","  1.21","  2.50","  1.29","  0.61","  4.62"," 37.54"," 34.67","  2.88","  0.68","  0.08","  6.51","  1.21","  3.86","  0.83","  0.61","  0.08","  0.08"," 24.37","  5.45","  7.72","  5.83"," 29.44","  0.76","  1.36","  0.00"," 27.48","  0.00","  0.76","  1.29","  1.44","  3.03","  1.97","  0.38","  0.23","  0.08","  0.23","  0.15","  0.45","  0.38","  0.08","  0.00","  0.00","  0.00","  0.00","  1.36","  1.06","  0.61","  0.38","  0.38","  0.38","  1.59"," 23.80","  1.21"," 17.18","  5.45"," 31.70","  5.53","  7.72","  3.94","  1.67","  0.15","  0.00","  1.51","  1.89","  3.25","  0.38","  0.08"," 52.68","  1.14","  7.65"," 25.96"," 24.00","  1.82"," 50.03","  3.48","  5.60"," 62.20","  3.71","  1.14"," 42.39","224.58","128.98","  7.49","  1.97","  0.68","  2.12","  2.57"," 44.36"," 36.41"," 82.10","  2.80","  0.15","  0.00","  0.00","  0.91","  2.20","  0.08","  3.86","  1.89","  1.06","  0.00","  0.00","  0.00","  7.04","  0.23","  1.21"," 15.80",1000000
"52","Alberto Soro","  0.00","  0.00","  0.00","  0.00","  0.00","  0.13","  0.00","  0.08","  0.08","  0.09","  0.18","  0.00","  0.81","  0.40"," 50.00","  0.00","  0.00"," 14.40","  0.00","  0.00","  0.00","  0.08","  0.08","  0.09"," -0.08"," -0.08"," 19.81"," 26.68"," 74.20","312.04"," 72.22"," 10.78"," 12.93"," 83.30","  6.87","  8.49"," 81.00","  1.62","  3.50"," 46.20","  0.00","  0.09","  1.21","  1.48","  0.81","  0.00","  1.62"," 26.68"," 25.19","  1.48","  0.40","  0.13","  7.14","  0.67","  0.94","  0.40","  0.00","  0.40","  0.00"," 19.13","  3.64","  3.91"," 20.48","  4.18","  0.94","  0.00","  0.00"," 19.81","  0.00","  0.54","  1.35","  1.35","  2.02","  1.21","  0.13","  0.13","  0.27","  0.13","  0.13","  0.00","  0.00","  0.00","  0.00","  0.00","  0.00","  0.00","  2.16","  1.75","  0.54","  0.94","  0.67","  0.40","  0.81"," 50.00","  0.40"," 21.83","  8.22"," 37.70","  6.74"," 10.51","  4.58","  2.96","  0.27","  0.13","  2.69","  1.08","  3.23","  0.81","  0.00"," 38.67","  0.54","  7.81"," 16.30"," 16.57","  2.96"," 37.19","  0.67","  1.08"," 62.50","  0.81","  0.00"," 25.87","130.96"," 74.64","  4.18","  0.94","  0.40","  1.48","  2.43"," 36.51"," 24.52"," 67.20","  4.85","  0.13","  0.00","  0.00","  1.08","  1.21","  0.27","  0.94","  1.08","  1.75","  0.00","  0.00","  0.00","  5.12","  1.08","  2.96"," 26.70",2500000
"53","Albin Ekdal","  0.05","  0.00","  0.05","  0.00","  0.00","  0.50","  0.05","  0.03","  0.03","  0.01","  0.05","  0.05","  0.64","  0.09"," 14.30","  0.07","  0.50"," 14.00","  0.00","  0.00","  0.00","  0.03","  0.03","  0.05","  0.01","  0.01"," 34.43"," 41.48"," 83.00","612.58","157.40"," 15.64"," 17.69"," 88.40"," 14.69"," 17.24"," 85.20","  3.73","  5.41"," 68.90","  0.00","  0.01","  0.32","  2.82","  0.45","  0.00","  3.96"," 41.48"," 38.66","  2.82","  2.73","  0.00","  6.23","  0.77","  0.05","  0.00","  0.00","  0.00","  0.00"," 29.15","  5.73","  6.59","  5.14"," 32.88","  2.36","  0.09","  0.14"," 34.43","  0.18","  0.50","  1.09","  0.77","  1.09","  0.86","  0.00","  0.05","  0.00","  0.09","  0.09","  0.00","  0.00","  0.00","  0.00","  0.00","  0.00","  0.00","  2.32","  1.55","  0.82","  1.23","  0.27","  1.05","  2.77"," 37.70","  1.73"," 20.24","  5.64"," 27.90","  7.00"," 10.46","  2.77","  2.09","  0.41","  0.00","  1.68","  1.59","  3.91","  1.68","  0.00"," 51.84","  2.96"," 15.69"," 31.15","  8.19","  1.14"," 49.71","  0.82","  1.05"," 78.30","  0.86","  0.09"," 30.20","152.12"," 74.31","  2.64","  0.73","  0.05","  0.50","  0.82"," 33.11"," 30.33"," 91.60","  1.27","  0.50","  0.05","  0.05","  2.23","  2.27","  0.00","  0.05","  1.59","  1.55","  0.00","  0.00","  0.00"," 10.28","  1.23","  1.05"," 54.00",2000000
"54","Aleix Vidal","  0.12","  0.00","  0.12","  0.00","  0.00","  0.37","  0.00","  0.04","  0.04","  0.07","  0.12","  0.12","  0.25","  0.12"," 50.00","  0.50","  1.00"," 17.70","  0.00","  0.00","  0.00","  0.04","  0.04","  0.18","  0.08","  0.08"," 42.61"," 52.73"," 80.80","789.44","294.78"," 17.33"," 19.57"," 88.60"," 19.69"," 22.24"," 88.50","  4.78","  8.39"," 57.00","  0.00","  0.07","  0.93","  2.30","  1.30","  0.56","  3.91"," 52.73"," 43.98","  8.76","  1.55","  0.00","  5.84","  1.68","  1.49","  0.19","  0.12","  0.00","  0.00"," 33.60"," 10.87","  8.26","  3.98"," 39.38","  1.80","  7.02","  0.19"," 42.61","  0.12","  0.75","  1.55","  2.11","  2.24","  1.68","  0.25","  0.06","  0.00","  0.19","  0.06","  0.25","  0.19","  0.00","  0.06","  0.00","  0.00","  0.00","  1.55","  1.12","  1.06","  0.25","  0.25","  0.68","  1.86"," 36.70","  1.18","  9.88","  3.11"," 31.40","  5.09","  3.04","  1.74","  1.86","  0.19","  0.00","  1.68","  2.11","  3.66","  1.30","  0.06"," 62.86","  2.92"," 19.38"," 27.39"," 20.93","  0.81"," 54.60","  0.50","  1.49"," 33.30","  0.56","  0.12"," 36.71","177.33"," 98.76","  3.85","  2.17","  0.19","  1.24","  1.30"," 42.80"," 38.07"," 89.00","  2.80","  0.37","  0.00","  0.00","  0.99","  1.43","  0.06","  1.49","  2.11","  1.12","  0.00","  0.06","  0.00","  8.88","  0.68","  0.87"," 44.00",2000000
"55","Alejandro Pozo Pozo","  0.00","  0.00","  0.00","  0.00","  0.00","  0.29","  0.00","  0.03","  0.03","  0.03","  0.06","  0.00","  0.88","  0.15"," 16.70","  0.00","  0.00"," 22.30","  0.00","  0.00","  0.00","  0.03","  0.03","  0.03"," -0.03"," -0.03"," 41.72"," 53.68"," 77.70","748.74","270.44"," 19.69"," 21.15"," 93.10"," 17.21"," 20.86"," 82.50","  4.23"," 10.06"," 42.00","  0.00","  0.03","  0.15","  3.65","  1.17","  0.58","  2.63"," 53.68"," 45.07","  8.61","  0.58","  0.00","  5.54","  1.90","  3.06","  0.00","  0.00","  0.00","  0.00"," 30.34"," 12.11"," 11.23","  4.23"," 38.95","  1.75","  8.02","  0.15"," 41.72","  0.15","  0.88","  0.73","  1.31","  1.02","  0.44","  0.00","  0.29","  0.00","  0.15","  0.15","  0.00","  0.00","  0.00","  0.00","  0.00","  0.00","  0.00","  1.17","  0.73","  0.58","  0.44","  0.15","  0.44","  1.31"," 33.30","  0.88"," 11.96","  3.79"," 31.70","  4.23","  3.94","  3.79","  1.90","  0.00","  0.00","  1.90","  1.17","  2.33","  2.04","  0.15"," 63.31","  1.31"," 13.57"," 33.40"," 20.13","  0.88"," 54.85","  0.88","  1.75"," 50.00","  1.02","  0.15"," 40.84","163.52"," 98.02","  5.54","  1.75","  0.58","  1.17","  0.73"," 45.80"," 40.84"," 89.20","  2.04","  0.29","  0.00","  0.00","  0.73","  1.02","  0.00","  3.06","  1.17","  0.73","  0.00","  0.00","  0.00","  6.56","  0.73","  0.73"," 50.00",4000000
